SampleID,site,ter_in_block,Species.Code,experiment
1,DRO,0,PIRA,Pine gradient
2,DRO,0,PIRA,Pine gradient
17,DRO,0,PIRA,Pine gradient
18,DRO,0,PIRA,Pine gradient
33,DRO,0,PIRA,Pine gradient
34,DRO,0,PIRA,Pine gradient
49,DRO,0,PIRA,Pine gradient
50,DRO,0,PIRA,Pine gradient
65,DRO,0,PIRA,Pine gradient
66,DRO,0,PIRA,Pine gradient
81,MLRF,0,PIRA,Pine gradient
82,MLRF,0,PIRA,Pine gradient
97,MLRF,0,PIRA,Pine gradient
98,MLRF,0,PIRA,Pine gradient
113,MLRF,0,PIRA,Pine gradient
114,MLRF,0,PIRA,Pine gradient
129,MLRF,0,PIRA,Pine gradient
130,MLRF,0,PIRA,Pine gradient
145,MLRF,0,PIRA,Pine gradient
146,MLRF,0,PIRA,Pine gradient
209,PNW,0,PIRA,Pine gradient
241,MLES,0,PIRA,Pine gradient
242,MLES,0,PIRA,Pine gradient
257,MLES,0,PIRA,Pine gradient
258,MLES,0,PIRA,Pine gradient
273,MLES,0,PIRA,Pine gradient
274,MLES,0,PIRA,Pine gradient
289,MLES,0,PIRA,Pine gradient
290,MLES,0,PIRA,Pine gradient
305,MLES,0,PIRA,Pine gradient
306,MLES,0,PIRA,Pine gradient
321,STCK,0,PIRA,Pine gradient
322,STCK,0,PIRA,Pine gradient
337,STCK,0,PIRA,Pine gradient
338,STCK,0,PIRA,Pine gradient
353,STCK,0,PIRA,Pine gradient
354,STCK,0,PIRA,Pine gradient
369,STCK,0,PIRA,Pine gradient
370,STCK,0,PIRA,Pine gradient
385,STCK,0,PIRA,Pine gradient
386,STCK,0,PIRA,Pine gradient
1212,PNW,0,PIRA,Pine gradient
3,DRO,0,PIRA,Pine gradient
4,DRO,0,PIRA,Pine gradient
19,DRO,0,PIRA,Pine gradient
20,DRO,0,PIRA,Pine gradient
35,DRO,0,PIRA,Pine gradient
36,DRO,0,PIRA,Pine gradient
51,DRO,0,PIRA,Pine gradient
52,DRO,0,PIRA,Pine gradient
67,DRO,0,PIRA,Pine gradient
68,DRO,0,PIRA,Pine gradient
83,MLRF,0,PIRA,Pine gradient
84,MLRF,0,PIRA,Pine gradient
99,MLRF,0,PIRA,Pine gradient
100,MLRF,0,PIRA,Pine gradient
115,MLRF,0,PIRA,Pine gradient
116,MLRF,0,PIRA,Pine gradient
131,MLRF,0,PIRA,Pine gradient
132,MLRF,0,PIRA,Pine gradient
147,MLRF,0,PIRA,Pine gradient
148,MLRF,0,PIRA,Pine gradient
163,PNW,1,PIRA,Pine gradient
164,PNW,0,PIRA,Pine gradient
179,PNW,0,PIRA,Pine gradient
180,PNW,0,PIRA,Pine gradient
195,PNW,0,PIRA,Pine gradient
211,PNW,0,PIRA,Pine gradient
212,PNW,0,PIRA,Pine gradient
227,PNW,0,PIRA,Pine gradient
228,PNW,0,PIRA,Pine gradient
243,MLES,0,PIRA,Pine gradient
244,MLES,0,PIRA,Pine gradient
259,MLES,0,PIRA,Pine gradient
260,MLES,0,PIRA,Pine gradient
275,MLES,0,PIRA,Pine gradient
276,MLES,0,PIRA,Pine gradient
291,MLES,0,PIRA,Pine gradient
292,MLES,0,PIRA,Pine gradient
307,MLES,0,PIRA,Pine gradient
308,MLES,0,PIRA,Pine gradient
323,STCK,0,PIRA,Pine gradient
324,STCK,0,PIRA,Pine gradient
339,STCK,0,PIRA,Pine gradient
340,STCK,0,PIRA,Pine gradient
355,STCK,0,PIRA,Pine gradient
356,STCK,0,PIRA,Pine gradient
371,STCK,0,PIRA,Pine gradient
372,STCK,0,PIRA,Pine gradient
387,STCK,0,PIRA,Pine gradient
388,STCK,0,PIRA,Pine gradient
5,DRO,0,PIRA,Pine gradient
6,DRO,0,PIRA,Pine gradient
21,DRO,0,PIRA,Pine gradient
37,DRO,0,PIRA,Pine gradient
38,DRO,0,PIRA,Pine gradient
53,DRO,0,PIRA,Pine gradient
54,DRO,0,PIRA,Pine gradient
69,DRO,0,PIRA,Pine gradient
70,DRO,0,PIRA,Pine gradient
85,MLRF,0,PIRA,Pine gradient
86,MLRF,0,PIRA,Pine gradient
101,MLRF,0,PIRA,Pine gradient
102,MLRF,0,PIRA,Pine gradient
118,MLRF,0,PIRA,Pine gradient
133,MLRF,0,PIRA,Pine gradient
134,MLRF,0,PIRA,Pine gradient
149,MLRF,0,PIRA,Pine gradient
150,MLRF,0,PIRA,Pine gradient
166,PNW,0,PIRA,Pine gradient
181,PNW,0,PIRA,Pine gradient
182,PNW,0,PIRA,Pine gradient
197,PNW,0,PIRA,Pine gradient
198,PNW,0,PIRA,Pine gradient
213,PNW,0,PIRA,Pine gradient
214,PNW,0,PIRA,Pine gradient
229,PNW,0,PIRA,Pine gradient
230,PNW,0,PIRA,Pine gradient
245,MLES,0,PIRA,Pine gradient
246,MLES,0,PIRA,Pine gradient
261,MLES,1,PIRA,Pine gradient
262,MLES,0,PIRA,Pine gradient
277,MLES,0,PIRA,Pine gradient
278,MLES,0,PIRA,Pine gradient
293,MLES,0,PIRA,Pine gradient
294,MLES,0,PIRA,Pine gradient
309,MLES,0,PIRA,Pine gradient
310,MLES,0,PIRA,Pine gradient
NA,STCK,0,PIRA,Pine gradient
7,DRO,0,PIRA,Pine gradient
8,DRO,0,PIRA,Pine gradient
23,DRO,0,PIRA,Pine gradient
24,DRO,0,PIRA,Pine gradient
39,DRO,0,PIRA,Pine gradient
40,DRO,0,PIRA,Pine gradient
55,DRO,0,PIRA,Pine gradient
56,DRO,0,PIRA,Pine gradient
71,DRO,0,PIRA,Pine gradient
72,DRO,0,PIRA,Pine gradient
87,MLRF,0,PIRA,Pine gradient
88,MLRF,0,PIRA,Pine gradient
103,MLRF,0,PIRA,Pine gradient
104,MLRF,0,PIRA,Pine gradient
119,MLRF,0,PIRA,Pine gradient
120,MLRF,0,PIRA,Pine gradient
135,MLRF,0,PIRA,Pine gradient
136,MLRF,0,PIRA,Pine gradient
151,MLRF,0,PIRA,Pine gradient
152,MLRF,0,PIRA,Pine gradient
167,PNW,1,PIRA,Pine gradient
168,PNW,0,PIRA,Pine gradient
183,PNW,1,PIRA,Pine gradient
184,PNW,0,PIRA,Pine gradient
199,PNW,0,PIRA,Pine gradient
200,PNW,0,PIRA,Pine gradient
215,PNW,0,PIRA,Pine gradient
216,PNW,0,PIRA,Pine gradient
231,PNW,0,PIRA,Pine gradient
232,PNW,0,PIRA,Pine gradient
247,MLES,0,PIRA,Pine gradient
248,MLES,0,PIRA,Pine gradient
263,MLES,0,PIRA,Pine gradient
264,MLES,0,PIRA,Pine gradient
279,MLES,0,PIRA,Pine gradient
280,MLES,0,PIRA,Pine gradient
295,MLES,0,PIRA,Pine gradient
296,MLES,0,PIRA,Pine gradient
311,MLES,0,PIRA,Pine gradient
312,MLES,0,PIRA,Pine gradient
327,STCK,1,PIRA,Pine gradient
328,STCK,0,PIRA,Pine gradient
343,STCK,1,PIRA,Pine gradient
344,STCK,0,PIRA,Pine gradient
359,STCK,1,PIRA,Pine gradient
360,STCK,0,PIRA,Pine gradient
375,STCK,0,PIRA,Pine gradient
376,STCK,0,PIRA,Pine gradient
391,STCK,0,PIRA,Pine gradient
392,STCK,0,PIRA,Pine gradient
9,DRO,0,PIRA,Pine gradient
10,DRO,0,PIRA,Pine gradient
25,DRO,0,PIRA,Pine gradient
26,DRO,0,PIRA,Pine gradient
41,DRO,0,PIRA,Pine gradient
57,DRO,0,PIRA,Pine gradient
58,DRO,0,PIRA,Pine gradient
73,DRO,0,PIRA,Pine gradient
74,DRO,0,PIRA,Pine gradient
89,MLRF,0,PIRA,Pine gradient
90,MLRF,0,PIRA,Pine gradient
105,MLRF,0,PIRA,Pine gradient
106,MLRF,0,PIRA,Pine gradient
121,MLRF,0,PIRA,Pine gradient
122,MLRF,0,PIRA,Pine gradient
137,MLRF,0,PIRA,Pine gradient
138,MLRF,0,PIRA,Pine gradient
153,MLRF,0,PIRA,Pine gradient
154,MLRF,0,PIRA,Pine gradient
169,PNW,0,PIRA,Pine gradient
170,PNW,0,PIRA,Pine gradient
185,PNW,0,PIRA,Pine gradient
186,PNW,0,PIRA,Pine gradient
201,PNW,0,PIRA,Pine gradient
202,PNW,0,PIRA,Pine gradient
217,PNW,0,PIRA,Pine gradient
233,PNW,0,PIRA,Pine gradient
249,MLES,0,PIRA,Pine gradient
250,MLES,0,PIRA,Pine gradient
265,MLES,0,PIRA,Pine gradient
266,MLES,0,PIRA,Pine gradient
281,MLES,0,PIRA,Pine gradient
282,MLES,0,PIRA,Pine gradient
297,MLES,0,PIRA,Pine gradient
313,MLES,1,PIRA,Pine gradient
314,MLES,0,PIRA,Pine gradient
329,STCK,0,PIRA,Pine gradient
330,STCK,0,PIRA,Pine gradient
345,STCK,0,PIRA,Pine gradient
346,STCK,0,PIRA,Pine gradient
361,STCK,0,PIRA,Pine gradient
362,STCK,0,PIRA,Pine gradient
377,STCK,0,PIRA,Pine gradient
378,STCK,0,PIRA,Pine gradient
393,STCK,0,PIRA,Pine gradient
394,STCK,0,PIRA,Pine gradient
11,DRO,1,PIRA,Pine gradient
12,DRO,0,PIRA,Pine gradient
27,DRO,0,PIRA,Pine gradient
28,DRO,0,PIRA,Pine gradient
43,DRO,0,PIRA,Pine gradient
44,DRO,0,PIRA,Pine gradient
59,DRO,0,PIRA,Pine gradient
60,DRO,0,PIRA,Pine gradient
75,DRO,0,PIRA,Pine gradient
76,DRO,0,PIRA,Pine gradient
91,MLRF,0,PIRA,Pine gradient
NA,MLRF,0,PIRA,Pine gradient
NA,MLRF,0,PIRA,Pine gradient
NA,MLRF,0,PIRA,Pine gradient
107,MLRF,0,PIRA,Pine gradient
108,MLRF,0,PIRA,Pine gradient
123,MLRF,1,PIRA,Pine gradient
124,MLRF,0,PIRA,Pine gradient
139,MLRF,0,PIRA,Pine gradient
140,MLRF,0,PIRA,Pine gradient
155,MLRF,0,PIRA,Pine gradient
156,MLRF,0,PIRA,Pine gradient
187,PNW,1,PIRA,Pine gradient
188,PNW,0,PIRA,Pine gradient
203,PNW,0,PIRA,Pine gradient
204,PNW,0,PIRA,Pine gradient
219,PNW,0,PIRA,Pine gradient
220,PNW,0,PIRA,Pine gradient
235,PNW,0,PIRA,Pine gradient
236,PNW,0,PIRA,Pine gradient
251,MLES,0,PIRA,Pine gradient
NA,MLES,0,PIRA,Pine gradient
NA,MLES,0,PIRA,Pine gradient
252,MLES,0,PIRA,Pine gradient
267,MLES,0,PIRA,Pine gradient
268,MLES,0,PIRA,Pine gradient
283,MLES,0,PIRA,Pine gradient
284,MLES,0,PIRA,Pine gradient
299,MLES,0,PIRA,Pine gradient
300,MLES,0,PIRA,Pine gradient
315,MLES,0,PIRA,Pine gradient
316,MLES,0,PIRA,Pine gradient
331,STCK,1,PIRA,Pine gradient
332,STCK,0,PIRA,Pine gradient
347,STCK,0,PIRA,Pine gradient
348,STCK,0,PIRA,Pine gradient
363,STCK,1,PIRA,Pine gradient
364,STCK,1,PIRA,Pine gradient
379,STCK,1,PIRA,Pine gradient
380,STCK,0,PIRA,Pine gradient
395,STCK,0,PIRA,Pine gradient
396,STCK,0,PIRA,Pine gradient
14,DRO,0,PIRA,Pine gradient
30,DRO,0,PIRA,Pine gradient
46,DRO,0,PIRA,Pine gradient
61,DRO,0,PIRA,Pine gradient
62,DRO,0,PIRA,Pine gradient
77,DRO,0,PIRA,Pine gradient
78,DRO,0,PIRA,Pine gradient
93,MLRF,0,PIRA,Pine gradient
94,MLRF,0,PIRA,Pine gradient
109,MLRF,0,PIRA,Pine gradient
110,MLRF,0,PIRA,Pine gradient
125,MLRF,0,PIRA,Pine gradient
126,MLRF,0,PIRA,Pine gradient
141,MLRF,0,PIRA,Pine gradient
142,MLRF,0,PIRA,Pine gradient
157,MLRF,0,PIRA,Pine gradient
158,MLRF,0,PIRA,Pine gradient
173,PNW,1,PIRA,Pine gradient
174,PNW,0,PIRA,Pine gradient
189,PNW,1,PIRA,Pine gradient
190,PNW,0,PIRA,Pine gradient
205,PNW,0,PIRA,Pine gradient
206,PNW,0,PIRA,Pine gradient
221,PNW,0,PIRA,Pine gradient
238,PNW,0,PIRA,Pine gradient
253,MLES,1,PIRA,Pine gradient
254,MLES,0,PIRA,Pine gradient
269,MLES,0,PIRA,Pine gradient
270,MLES,0,PIRA,Pine gradient
285,MLES,0,PIRA,Pine gradient
286,MLES,0,PIRA,Pine gradient
301,MLES,0,PIRA,Pine gradient
302,MLES,0,PIRA,Pine gradient
317,MLES,0,PIRA,Pine gradient
318,MLES,0,PIRA,Pine gradient
333,STCK,1,PIRA,Pine gradient
334,STCK,0,PIRA,Pine gradient
349,STCK,0,PIRA,Pine gradient
350,STCK,0,PIRA,Pine gradient
365,STCK,0,PIRA,Pine gradient
366,STCK,0,PIRA,Pine gradient
381,STCK,0,PIRA,Pine gradient
382,STCK,0,PIRA,Pine gradient
397,STCK,0,PIRA,Pine gradient
15,DRO,0,PIRA,Pine gradient
16,DRO,0,PIRA,Pine gradient
31,DRO,0,PIRA,Pine gradient
32,DRO,0,PIRA,Pine gradient
47,DRO,0,PIRA,Pine gradient
63,DRO,0,PIRA,Pine gradient
64,DRO,0,PIRA,Pine gradient
79,DRO,0,PIRA,Pine gradient
80,DRO,0,PIRA,Pine gradient
95,MLRF,0,PIRA,Pine gradient
96,MLRF,0,PIRA,Pine gradient
111,MLRF,0,PIRA,Pine gradient
112,MLRF,0,PIRA,Pine gradient
127,MLRF,0,PIRA,Pine gradient
128,MLRF,0,PIRA,Pine gradient
143,MLRF,1,PIRA,Pine gradient
144,MLRF,0,PIRA,Pine gradient
159,MLRF,0,PIRA,Pine gradient
160,MLRF,0,PIRA,Pine gradient
175,PNW,0,PIRA,Pine gradient
176,PNW,0,PIRA,Pine gradient
191,PNW,0,PIRA,Pine gradient
192,PNW,0,PIRA,Pine gradient
207,PNW,1,PIRA,Pine gradient
208,PNW,0,PIRA,Pine gradient
224,PNW,0,PIRA,Pine gradient
240,PNW,0,PIRA,Pine gradient
255,MLES,0,PIRA,Pine gradient
271,MLES,0,PIRA,Pine gradient
272,MLES,0,PIRA,Pine gradient
287,MLES,0,PIRA,Pine gradient
288,MLES,0,PIRA,Pine gradient
NA,MLES,0,PIRA,Pine gradient
303,MLES,0,PIRA,Pine gradient
304,MLES,0,PIRA,Pine gradient
319,MLES,0,PIRA,Pine gradient
320,MLES,0,PIRA,Pine gradient
335,STCK,0,PIRA,Pine gradient
336,STCK,0,PIRA,Pine gradient
351,STCK,1,PIRA,Pine gradient
352,STCK,0,PIRA,Pine gradient
367,STCK,0,PIRA,Pine gradient
368,STCK,0,PIRA,Pine gradient
383,STCK,1,PIRA,Pine gradient
384,STCK,0,PIRA,Pine gradient
399,STCK,0,PIRA,Pine gradient
400,STCK,0,PIRA,Pine gradient
1041,DRO_drought,0,PIRA,Pine gradient
1042,DRO_drought,0,PIRA,Pine gradient
1043,DRO_drought,0,PIRA,Pine gradient
1044,DRO_drought,0,PIRA,Pine gradient
1045,DRO_drought,0,PIRA,Pine gradient
1046,DRO_drought,0,PIRA,Pine gradient
1047,DRO_drought,0,PIRA,Pine gradient
1048,DRO_drought,0,PIRA,Pine gradient
1049,DRO_drought,0,PIRA,Pine gradient
1050,DRO_drought,0,PIRA,Pine gradient
1051,DRO_drought,1,PIRA,Pine gradient
1052,DRO_drought,0,PIRA,Pine gradient
1053,DRO_drought,0,PIRA,Pine gradient
1054,DRO_drought,0,PIRA,Pine gradient
1055,DRO_drought,0,PIRA,Pine gradient
1056,DRO_drought,0,PIRA,Pine gradient
1057,DRO_drought,0,PIRA,Pine gradient
1058,DRO_drought,0,PIRA,Pine gradient
1059,DRO_drought,0,PIRA,Pine gradient
1060,DRO_drought,0,PIRA,Pine gradient
1061,DRO_drought,0,PIRA,Pine gradient
1062,DRO_drought,1,PIRA,Pine gradient
1063,DRO_drought,0,PIRA,Pine gradient
1064,DRO_drought,0,PIRA,Pine gradient
1065,DRO_drought,0,PIRA,Pine gradient
1066,DRO_drought,0,PIRA,Pine gradient
1067,DRO_drought,0,PIRA,Pine gradient
1068,DRO_drought,0,PIRA,Pine gradient
1069,DRO_drought,0,PIRA,Pine gradient
1070,DRO_drought,0,PIRA,Pine gradient
1071,DRO_drought,0,PIRA,Pine gradient
1072,DRO_drought,0,PIRA,Pine gradient
1073,DRO_drought,1,PIRA,Pine gradient
1074,DRO_drought,0,PIRA,Pine gradient
1075,DRO_drought,0,PIRA,Pine gradient
1076,DRO_drought,0,PIRA,Pine gradient
NA,DRO_drought,0,PIRA,Pine gradient
NA,DRO_drought,0,PIRA,Pine gradient
NA,DRO_drought,0,PIRA,Pine gradient
1077,DRO_drought,0,PIRA,Pine gradient
1078,DRO_drought,0,PIRA,Pine gradient
1079,DRO_drought,0,PIRA,Pine gradient
1080,DRO_drought,0,PIRA,Pine gradient
1261,DRO_drought,0,PIRA,Pine gradient
1262,DRO_drought,0,PIRA,Pine gradient
1263,DRO_drought,0,PIRA,Pine gradient
1264,DRO_drought,0,PIRA,Pine gradient
1265,DRO_drought,0,PIRA,Pine gradient
1267,DRO_drought,0,PIRA,Pine gradient
1268,DRO_drought,0,PIRA,Pine gradient
1269,DRO_drought,0,PIRA,Pine gradient
1270,DRO_drought,0,PIRA,Pine gradient
1271,DRO_drought,0,PIRA,Pine gradient
1272,DRO_drought,0,PIRA,Pine gradient
1273,DRO_drought,0,PIRA,Pine gradient
1274,DRO_drought,0,PIRA,Pine gradient
1275,DRO_drought,0,PIRA,Pine gradient
1276,DRO_drought,0,PIRA,Pine gradient
1277,DRO_drought,0,PIRA,Pine gradient
1278,DRO_drought,0,PIRA,Pine gradient
1279,DRO_drought,0,PIRA,Pine gradient
1280,DRO_drought,0,PIRA,Pine gradient
1281,DRO_drought,0,PIRA,Pine gradient
1282,DRO_drought,0,PIRA,Pine gradient
1283,DRO_drought,0,PIRA,Pine gradient
1284,DRO_drought,0,PIRA,Pine gradient
1285,DRO_drought,0,PIRA,Pine gradient
1286,DRO_drought,0,PIRA,Pine gradient
1287,DRO_drought,0,PIRA,Pine gradient
1288,DRO_drought,0,PIRA,Pine gradient
NA,DRO_drought,0,PIRA,Pine gradient
NA,DRO_drought,0,PIRA,Pine gradient
1289,DRO_drought,0,PIRA,Pine gradient
1290,DRO_drought,0,PIRA,Pine gradient
1291,DRO_drought,0,PIRA,Pine gradient
1292,DRO_drought,0,PIRA,Pine gradient
1293,DRO_drought,0,PIRA,Pine gradient
1294,DRO_drought,0,PIRA,Pine gradient
1295,DRO_drought,0,PIRA,Pine gradient
1296,DRO_drought,0,PIRA,Pine gradient
1297,DRO_drought,0,PIRA,Pine gradient
1298,DRO_drought,0,PIRA,Pine gradient
1299,DRO_drought,0,PIRA,Pine gradient
NA,OLD_RESCUE,0,PIRA,Pine gradient
NA,OLD_RESCUE,0,PIRA,Pine gradient
NA,OLD_RESCUE,0,PIRA,Pine gradient
NA,OLD_RESCUE,0,PIRA,Pine gradient
NA,OLD_RESCUE,0,PIRA,Pine gradient
NA,OLD_RESCUE,0,PIRA,Pine gradient
1152,YOUNG_RESCUE,1,PIRA,Pine gradient
NA,YOUNG_RESCUE,0,PIRA,Pine gradient
NA,YOUNG_RESCUE,0,PIRA,Pine gradient
1332,OLD_RESCUE,0,PIRA,Pine gradient
401,DRO,0,DYPA,Native gradient
402,DRO,0,DYPA,Native gradient
403,DRO,0,DYPA,Native gradient
404,DRO,0,DYPA,Native gradient
405,DRO,0,DYPA,Native gradient
406,DRO,0,DYPA,Native gradient
407,DRO,0,DYPA,Native gradient
408,DRO,0,DYPA,Native gradient
409,DRO,0,DYPA,Native gradient
410,DRO,0,DYPA,Native gradient
411,DRO,0,DYPA,Native gradient
412,DRO,0,DYPA,Native gradient
413,DRO,0,DYPA,Native gradient
414,DRO,0,DYPA,Native gradient
415,DRO,0,DYPA,Native gradient
416,DRO,0,DYPA,Native gradient
417,DRO,0,DYPA,Native gradient
418,DRO,0,DYPA,Native gradient
419,DRO,0,DYPA,Native gradient
420,DRO,0,DYPA,Native gradient
421,DRO,0,DYPA,Native gradient
422,DRO,0,DYPA,Native gradient
423,DRO,1,DYPA,Native gradient
424,DRO,0,DYPA,Native gradient
425,DRO,0,DYPA,Native gradient
426,DRO,0,DYPA,Native gradient
427,DRO,0,DYPA,Native gradient
428,DRO,0,DYPA,Native gradient
429,DRO,0,DYPA,Native gradient
430,DRO,0,DYPA,Native gradient
431,DRO,0,DYPA,Native gradient
432,DRO,0,DYPA,Native gradient
433,DRO,0,DYPA,Native gradient
434,DRO,0,DYPA,Native gradient
435,DRO,0,DYPA,Native gradient
436,DRO,0,DYPA,Native gradient
437,DRO,0,DYPA,Native gradient
438,DRO,0,DYPA,Native gradient
439,DRO,0,DYPA,Native gradient
441,DRO,0,MYGL,Native gradient
442,DRO,0,MYGL,Native gradient
443,DRO,0,MYGL,Native gradient
444,DRO,0,MYGL,Native gradient
445,DRO,0,MYGL,Native gradient
446,DRO,0,MYGL,Native gradient
448,DRO,0,MYGL,Native gradient
449,DRO,0,MYGL,Native gradient
450,DRO,0,MYGL,Native gradient
451,DRO,0,MYGL,Native gradient
452,DRO,0,MYGL,Native gradient
453,DRO,0,MYGL,Native gradient
454,DRO,0,MYGL,Native gradient
455,DRO,0,MYGL,Native gradient
456,DRO,0,MYGL,Native gradient
457,DRO,1,MYGL,Native gradient
458,DRO,0,MYGL,Native gradient
459,DRO,0,MYGL,Native gradient
460,DRO,0,MYGL,Native gradient
461,DRO,0,MYGL,Native gradient
463,DRO,0,MYGL,Native gradient
464,DRO,0,MYGL,Native gradient
465,DRO,0,MYGL,Native gradient
466,DRO,0,MYGL,Native gradient
467,DRO,0,MYGL,Native gradient
468,DRO,0,MYGL,Native gradient
469,DRO,0,MYGL,Native gradient
470,DRO,0,MYGL,Native gradient
471,DRO,0,MYGL,Native gradient
472,DRO,0,MYGL,Native gradient
473,DRO,0,MYGL,Native gradient
474,DRO,0,MYGL,Native gradient
475,DRO,0,MYGL,Native gradient
476,DRO,0,MYGL,Native gradient
477,DRO,0,MYGL,Native gradient
478,DRO,0,MYGL,Native gradient
479,DRO,0,MYGL,Native gradient
480,DRO,0,MYGL,Native gradient
481,DRO,0,CLOB,Native gradient
482,DRO,0,CLOB,Native gradient
483,DRO,0,CLOB,Native gradient
484,DRO,0,CLOB,Native gradient
485,DRO,0,CLOB,Native gradient
486,DRO,0,CLOB,Native gradient
487,DRO,0,CLOB,Native gradient
488,DRO,0,CLOB,Native gradient
489,DRO,0,CLOB,Native gradient
490,DRO,0,CLOB,Native gradient
491,DRO,0,CLOB,Native gradient
492,DRO,0,CLOB,Native gradient
493,DRO,0,CLOB,Native gradient
494,DRO,0,CLOB,Native gradient
495,DRO,0,CLOB,Native gradient
496,DRO,0,CLOB,Native gradient
497,DRO,0,CLOB,Native gradient
498,DRO,0,CLOB,Native gradient
499,DRO,0,CLOB,Native gradient
500,DRO,0,CLOB,Native gradient
501,DRO,0,CLOB,Native gradient
502,DRO,0,CLOB,Native gradient
503,DRO,0,CLOB,Native gradient
504,DRO,0,CLOB,Native gradient
505,DRO,0,CLOB,Native gradient
506,DRO,0,CLOB,Native gradient
507,DRO,0,CLOB,Native gradient
508,DRO,0,CLOB,Native gradient
509,DRO,0,CLOB,Native gradient
510,DRO,0,CLOB,Native gradient
511,DRO,0,CLOB,Native gradient
512,DRO,0,CLOB,Native gradient
513,DRO,0,CLOB,Native gradient
514,DRO,0,CLOB,Native gradient
515,DRO,0,CLOB,Native gradient
516,DRO,0,CLOB,Native gradient
517,DRO,0,CLOB,Native gradient
518,DRO,0,CLOB,Native gradient
519,DRO,0,CLOB,Native gradient
520,DRO,0,CLOB,Native gradient
521,DRO,0,CASU,Native gradient
522,DRO,0,CASU,Native gradient
523,DRO,0,CASU,Native gradient
524,DRO,0,CASU,Native gradient
525,DRO,0,CASU,Native gradient
526,DRO,0,CASU,Native gradient
527,DRO,0,CASU,Native gradient
528,DRO,0,CASU,Native gradient
529,DRO,0,CASU,Native gradient
530,DRO,0,CASU,Native gradient
532,DRO,0,CASU,Native gradient
533,DRO,0,CASU,Native gradient
534,DRO,0,CASU,Native gradient
535,DRO,0,CASU,Native gradient
536,DRO,0,CASU,Native gradient
537,DRO,0,CASU,Native gradient
538,DRO,0,CASU,Native gradient
539,DRO,0,CASU,Native gradient
540,DRO,0,CASU,Native gradient
541,DRO,0,CASU,Native gradient
542,DRO,0,CASU,Native gradient
543,DRO,0,CASU,Native gradient
544,DRO,0,CASU,Native gradient
545,DRO,0,CASU,Native gradient
546,DRO,0,CASU,Native gradient
547,DRO,0,CASU,Native gradient
548,DRO,0,CASU,Native gradient
549,DRO,0,CASU,Native gradient
550,DRO,0,CASU,Native gradient
551,DRO,0,CASU,Native gradient
552,DRO,0,CASU,Native gradient
553,DRO,0,CASU,Native gradient
554,DRO,0,CASU,Native gradient
555,DRO,0,CASU,Native gradient
556,DRO,0,CASU,Native gradient
557,DRO,0,CASU,Native gradient
558,DRO,0,CASU,Native gradient
559,DRO,0,CASU,Native gradient
560,DRO,0,CASU,Native gradient
561,DRO,0,NONO,Native gradient
562,DRO,0,NONO,Native gradient
563,DRO,0,NONO,Native gradient
564,DRO,0,NONO,Native gradient
565,DRO,0,NONO,Native gradient
566,DRO,0,NONO,Native gradient
567,DRO,0,NONO,Native gradient
568,DRO,0,NONO,Native gradient
569,DRO,0,NONO,Native gradient
570,DRO,0,NONO,Native gradient
571,DRO,0,NONO,Native gradient
572,DRO,0,NONO,Native gradient
573,DRO,0,NONO,Native gradient
574,DRO,0,NONO,Native gradient
575,DRO,0,NONO,Native gradient
576,DRO,0,NONO,Native gradient
577,DRO,0,NONO,Native gradient
578,DRO,0,NONO,Native gradient
579,DRO,0,NONO,Native gradient
580,DRO,0,NONO,Native gradient
581,DRO,0,NONO,Native gradient
582,DRO,0,NONO,Native gradient
583,DRO,0,NONO,Native gradient
584,DRO,0,NONO,Native gradient
585,DRO,0,NONO,Native gradient
586,DRO,0,NONO,Native gradient
587,DRO,0,NONO,Native gradient
588,DRO,0,NONO,Native gradient
589,DRO,0,NONO,Native gradient
590,DRO,0,NONO,Native gradient
591,DRO,0,NONO,Native gradient
593,DRO,0,NONO,Native gradient
594,DRO,0,NONO,Native gradient
595,DRO,0,NONO,Native gradient
596,DRO,0,NONO,Native gradient
597,DRO,0,NONO,Native gradient
598,DRO,0,NONO,Native gradient
599,DRO,0,NONO,Native gradient
600,DRO,0,NONO,Native gradient
601,DRO,0,ALSC,Native gradient
602,DRO,0,ALSC,Native gradient
603,DRO,0,ALSC,Native gradient
604,DRO,0,ALSC,Native gradient
605,DRO,0,ALSC,Native gradient
606,DRO,0,ALSC,Native gradient
608,DRO,0,ALSC,Native gradient
609,DRO,0,ALSC,Native gradient
610,DRO,0,ALSC,Native gradient
612,DRO,0,ALSC,Native gradient
613,DRO,0,ALSC,Native gradient
614,DRO,0,ALSC,Native gradient
615,DRO,0,ALSC,Native gradient
616,DRO,0,ALSC,Native gradient
617,DRO,0,ALSC,Native gradient
618,DRO,0,ALSC,Native gradient
619,DRO,0,ALSC,Native gradient
620,DRO,0,ALSC,Native gradient
621,DRO,0,ALSC,Native gradient
622,DRO,0,ALSC,Native gradient
623,DRO,0,ALSC,Native gradient
624,DRO,0,ALSC,Native gradient
625,DRO,0,ALSC,Native gradient
626,DRO,0,ALSC,Native gradient
627,DRO,0,ALSC,Native gradient
628,DRO,0,ALSC,Native gradient
629,DRO,0,ALSC,Native gradient
630,DRO,0,ALSC,Native gradient
631,DRO,0,ALSC,Native gradient
632,DRO,0,ALSC,Native gradient
633,DRO,0,ALSC,Native gradient
634,DRO,0,ALSC,Native gradient
635,DRO,0,ALSC,Native gradient
636,DRO,0,ALSC,Native gradient
637,DRO,0,ALSC,Native gradient
638,DRO,0,ALSC,Native gradient
639,DRO,0,ALSC,Native gradient
640,DRO,0,ALSC,Native gradient
641,DRO,0,CAAU,Native gradient
642,DRO,0,CAAU,Native gradient
643,DRO,0,CAAU,Native gradient
644,DRO,0,CAAU,Native gradient
645,DRO,0,CAAU,Native gradient
647,DRO,0,CAAU,Native gradient
648,DRO,0,CAAU,Native gradient
649,DRO,0,CAAU,Native gradient
651,DRO,0,CAAU,Native gradient
652,DRO,0,CAAU,Native gradient
653,DRO,0,CAAU,Native gradient
656,DRO,0,CAAU,Native gradient
657,DRO,0,CAAU,Native gradient
658,DRO,0,CAAU,Native gradient
659,DRO,0,CAAU,Native gradient
660,DRO,0,CAAU,Native gradient
661,DRO,0,CAAU,Native gradient
662,DRO,0,CAAU,Native gradient
663,DRO,0,CAAU,Native gradient
664,DRO,0,CAAU,Native gradient
666,DRO,0,CAAU,Native gradient
667,DRO,0,CAAU,Native gradient
668,DRO,0,CAAU,Native gradient
670,DRO,0,CAAU,Native gradient
671,DRO,0,CAAU,Native gradient
672,DRO,1,CAAU,Native gradient
673,DRO,0,CAAU,Native gradient
674,DRO,0,CAAU,Native gradient
675,DRO,0,CAAU,Native gradient
676,DRO,0,CAAU,Native gradient
677,DRO,0,CAAU,Native gradient
678,DRO,0,CAAU,Native gradient
679,DRO,0,CAAU,Native gradient
680,DRO,0,CAAU,Native gradient
681,DRO,0,SYSA,Native gradient
682,DRO,0,SYSA,Native gradient
683,DRO,0,SYSA,Native gradient
684,DRO,0,SYSA,Native gradient
685,DRO,0,SYSA,Native gradient
686,DRO,0,SYSA,Native gradient
687,DRO,0,SYSA,Native gradient
688,DRO,0,SYSA,Native gradient
689,DRO,0,SYSA,Native gradient
690,DRO,0,SYSA,Native gradient
691,DRO,0,SYSA,Native gradient
692,DRO,0,SYSA,Native gradient
693,DRO,0,SYSA,Native gradient
694,DRO,0,SYSA,Native gradient
695,DRO,0,SYSA,Native gradient
696,DRO,0,SYSA,Native gradient
697,DRO,0,SYSA,Native gradient
698,DRO,0,SYSA,Native gradient
700,DRO,0,SYSA,Native gradient
701,DRO,0,SYSA,Native gradient
702,DRO,0,SYSA,Native gradient
703,DRO,0,SYSA,Native gradient
704,DRO,0,SYSA,Native gradient
705,DRO,0,SYSA,Native gradient
706,DRO,0,SYSA,Native gradient
707,DRO,0,SYSA,Native gradient
708,DRO,0,SYSA,Native gradient
709,DRO,0,SYSA,Native gradient
710,DRO,0,SYSA,Native gradient
711,DRO,0,SYSA,Native gradient
712,DRO,0,SYSA,Native gradient
713,DRO,0,SYSA,Native gradient
714,DRO,0,SYSA,Native gradient
715,DRO,0,SYSA,Native gradient
716,DRO,0,SYSA,Native gradient
717,DRO,0,SYSA,Native gradient
718,DRO,0,SYSA,Native gradient
719,DRO,0,SYSA,Native gradient
720,DRO,0,SYSA,Native gradient
721,DRO,0,ARPE,Native gradient
722,DRO,0,ARPE,Native gradient
723,DRO,0,ARPE,Native gradient
724,DRO,0,ARPE,Native gradient
725,DRO,0,ARPE,Native gradient
726,DRO,0,ARPE,Native gradient
727,DRO,0,ARPE,Native gradient
728,DRO,0,ARPE,Native gradient
729,DRO,0,ARPE,Native gradient
730,DRO,0,ARPE,Native gradient
731,DRO,0,ARPE,Native gradient
732,DRO,0,ARPE,Native gradient
733,DRO,0,ARPE,Native gradient
734,DRO,0,ARPE,Native gradient
735,DRO,0,ARPE,Native gradient
736,DRO,0,ARPE,Native gradient
737,DRO,0,ARPE,Native gradient
738,DRO,0,ARPE,Native gradient
739,DRO,0,ARPE,Native gradient
740,DRO,0,ARPE,Native gradient
741,DRO,0,ARPE,Native gradient
742,DRO,0,ARPE,Native gradient
743,DRO,0,ARPE,Native gradient
744,DRO,0,ARPE,Native gradient
745,DRO,0,ARPE,Native gradient
746,DRO,0,ARPE,Native gradient
747,DRO,0,ARPE,Native gradient
748,DRO,0,ARPE,Native gradient
749,DRO,0,ARPE,Native gradient
750,DRO,0,ARPE,Native gradient
751,DRO,0,ARPE,Native gradient
752,DRO,0,ARPE,Native gradient
754,DRO,0,ARPE,Native gradient
755,DRO,0,ARPE,Native gradient
756,DRO,0,ARPE,Native gradient
757,DRO,0,ARPE,Native gradient
758,DRO,0,ARPE,Native gradient
759,DRO,0,ARPE,Native gradient
760,DRO,0,ARPE,Native gradient
761,PNW,0,TEAR,Native gradient
762,PNW,0,TEAR,Native gradient
763,PNW,0,TEAR,Native gradient
764,PNW,0,TEAR,Native gradient
765,PNW,0,TEAR,Native gradient
766,PNW,0,TEAR,Native gradient
767,PNW,0,TEAR,Native gradient
768,PNW,0,TEAR,Native gradient
769,PNW,0,TEAR,Native gradient
770,PNW,0,TEAR,Native gradient
771,PNW,0,TEAR,Native gradient
772,PNW,0,TEAR,Native gradient
773,PNW,0,TEAR,Native gradient
774,PNW,0,TEAR,Native gradient
775,PNW,0,TEAR,Native gradient
776,PNW,0,TEAR,Native gradient
777,PNW,0,TEAR,Native gradient
778,PNW,0,TEAR,Native gradient
779,PNW,0,TEAR,Native gradient
780,PNW,0,TEAR,Native gradient
781,PNW,0,TEAR,Native gradient
782,PNW,0,TEAR,Native gradient
783,PNW,0,TEAR,Native gradient
784,PNW,0,TEAR,Native gradient
785,PNW,0,TEAR,Native gradient
786,PNW,0,TEAR,Native gradient
787,PNW,0,TEAR,Native gradient
788,PNW,0,TEAR,Native gradient
789,PNW,1,TEAR,Native gradient
790,PNW,0,TEAR,Native gradient
791,PNW,0,TEAR,Native gradient
792,PNW,0,TEAR,Native gradient
793,PNW,0,TEAR,Native gradient
794,PNW,0,TEAR,Native gradient
795,PNW,0,TEAR,Native gradient
796,PNW,0,TEAR,Native gradient
797,PNW,1,TEAR,Native gradient
798,PNW,0,TEAR,Native gradient
799,PNW,0,TEAR,Native gradient
800,PNW,0,TEAR,Native gradient
801,PNW,0,EUCU,Native gradient
802,PNW,0,EUCU,Native gradient
803,PNW,0,EUCU,Native gradient
804,PNW,0,EUCU,Native gradient
805,PNW,0,EUCU,Native gradient
806,PNW,0,EUCU,Native gradient
807,PNW,1,EUCU,Native gradient
808,PNW,0,EUCU,Native gradient
809,PNW,0,EUCU,Native gradient
810,PNW,0,EUCU,Native gradient
811,PNW,0,EUCU,Native gradient
812,PNW,0,EUCU,Native gradient
813,PNW,0,EUCU,Native gradient
814,PNW,0,EUCU,Native gradient
815,PNW,0,EUCU,Native gradient
816,PNW,0,EUCU,Native gradient
817,PNW,0,EUCU,Native gradient
818,PNW,0,EUCU,Native gradient
819,PNW,0,EUCU,Native gradient
820,PNW,0,EUCU,Native gradient
821,PNW,0,EUCU,Native gradient
822,PNW,0,EUCU,Native gradient
823,PNW,0,EUCU,Native gradient
824,PNW,0,EUCU,Native gradient
825,PNW,0,EUCU,Native gradient
826,PNW,0,EUCU,Native gradient
827,PNW,0,EUCU,Native gradient
828,PNW,0,EUCU,Native gradient
829,PNW,1,EUCU,Native gradient
830,PNW,0,EUCU,Native gradient
831,PNW,0,EUCU,Native gradient
833,PNW,0,EUCU,Native gradient
834,PNW,0,EUCU,Native gradient
835,PNW,0,EUCU,Native gradient
836,PNW,0,EUCU,Native gradient
837,PNW,0,EUCU,Native gradient
838,PNW,0,EUCU,Native gradient
839,PNW,0,EUCU,Native gradient
840,PNW,0,EUCU,Native gradient
841,PNW,0,EULE,Native gradient
842,PNW,0,EULE,Native gradient
843,PNW,1,EULE,Native gradient
844,PNW,0,EULE,Native gradient
845,PNW,0,EULE,Native gradient
846,PNW,0,EULE,Native gradient
847,PNW,0,EULE,Native gradient
848,PNW,0,EULE,Native gradient
849,PNW,0,EULE,Native gradient
850,PNW,0,EULE,Native gradient
851,PNW,0,EULE,Native gradient
852,PNW,0,EULE,Native gradient
853,PNW,0,EULE,Native gradient
854,PNW,0,EULE,Native gradient
855,PNW,0,EULE,Native gradient
856,PNW,0,EULE,Native gradient
857,PNW,0,EULE,Native gradient
858,PNW,0,EULE,Native gradient
859,PNW,0,EULE,Native gradient
860,PNW,0,EULE,Native gradient
861,PNW,0,EULE,Native gradient
862,PNW,0,EULE,Native gradient
863,PNW,0,EULE,Native gradient
864,PNW,0,EULE,Native gradient
865,PNW,0,EULE,Native gradient
866,PNW,0,EULE,Native gradient
867,PNW,0,EULE,Native gradient
868,PNW,0,EULE,Native gradient
869,PNW,0,EULE,Native gradient
870,PNW,0,EULE,Native gradient
871,PNW,0,EULE,Native gradient
872,PNW,0,EULE,Native gradient
873,PNW,0,EULE,Native gradient
874,PNW,0,EULE,Native gradient
875,PNW,1,EULE,Native gradient
876,PNW,0,EULE,Native gradient
877,PNW,0,EULE,Native gradient
878,PNW,0,EULE,Native gradient
879,PNW,0,EULE,Native gradient
880,PNW,0,EULE,Native gradient
881,PNW,0,MEST,Native gradient
882,PNW,0,MEST,Native gradient
883,PNW,0,MEST,Native gradient
884,PNW,0,MEST,Native gradient
885,PNW,0,MEST,Native gradient
886,PNW,0,MEST,Native gradient
887,PNW,0,MEST,Native gradient
888,PNW,0,MEST,Native gradient
889,PNW,0,MEST,Native gradient
890,PNW,0,MEST,Native gradient
891,PNW,0,MEST,Native gradient
892,PNW,0,MEST,Native gradient
893,PNW,0,MEST,Native gradient
894,PNW,0,MEST,Native gradient
895,PNW,0,MEST,Native gradient
896,PNW,0,MEST,Native gradient
897,PNW,0,MEST,Native gradient
898,PNW,0,MEST,Native gradient
899,PNW,0,MEST,Native gradient
900,PNW,0,MEST,Native gradient
901,PNW,0,MEST,Native gradient
902,PNW,0,MEST,Native gradient
903,PNW,0,MEST,Native gradient
904,PNW,0,MEST,Native gradient
905,PNW,0,MEST,Native gradient
906,PNW,0,MEST,Native gradient
907,PNW,0,MEST,Native gradient
908,PNW,0,MEST,Native gradient
909,PNW,0,MEST,Native gradient
910,PNW,0,MEST,Native gradient
911,PNW,0,MEST,Native gradient
912,PNW,0,MEST,Native gradient
913,PNW,0,MEST,Native gradient
914,PNW,0,MEST,Native gradient
915,PNW,0,MEST,Native gradient
916,PNW,0,MEST,Native gradient
917,PNW,0,MEST,Native gradient
918,PNW,0,MEST,Native gradient
919,PNW,0,MEST,Native gradient
920,PNW,0,MEST,Native gradient
921,PNW,0,MEVI,Native gradient
922,PNW,0,MEVI,Native gradient
923,PNW,0,MEVI,Native gradient
924,PNW,0,MEVI,Native gradient
926,PNW,0,MEVI,Native gradient
927,PNW,0,MEVI,Native gradient
928,PNW,0,MEVI,Native gradient
929,PNW,0,MEVI,Native gradient
930,PNW,0,MEVI,Native gradient
931,PNW,0,MEVI,Native gradient
932,PNW,0,MEVI,Native gradient
933,PNW,0,MEVI,Native gradient
934,PNW,0,MEVI,Native gradient
935,PNW,0,MEVI,Native gradient
936,PNW,0,MEVI,Native gradient
937,PNW,0,MEVI,Native gradient
938,PNW,0,MEVI,Native gradient
939,PNW,0,MEVI,Native gradient
940,PNW,0,MEVI,Native gradient
941,PNW,0,MEVI,Native gradient
942,PNW,0,MEVI,Native gradient
943,PNW,0,MEVI,Native gradient
944,PNW,0,MEVI,Native gradient
945,PNW,0,MEVI,Native gradient
946,PNW,0,MEVI,Native gradient
947,PNW,0,MEVI,Native gradient
948,PNW,0,MEVI,Native gradient
949,PNW,0,MEVI,Native gradient
950,PNW,0,MEVI,Native gradient
951,PNW,0,MEVI,Native gradient
952,PNW,0,MEVI,Native gradient
953,PNW,0,MEVI,Native gradient
954,PNW,0,MEVI,Native gradient
955,PNW,1,MEVI,Native gradient
956,PNW,0,MEVI,Native gradient
957,PNW,0,MEVI,Native gradient
958,PNW,0,MEVI,Native gradient
959,PNW,0,MEVI,Native gradient
960,PNW,0,MEVI,Native gradient
961,PNW,0,PEBA,Native gradient
962,PNW,0,PEBA,Native gradient
963,PNW,0,PEBA,Native gradient
964,PNW,0,PEBA,Native gradient
966,PNW,0,PEBA,Native gradient
967,PNW,0,PEBA,Native gradient
969,PNW,0,PEBA,Native gradient
971,PNW,0,PEBA,Native gradient
972,PNW,0,PEBA,Native gradient
973,PNW,0,PEBA,Native gradient
974,PNW,0,PEBA,Native gradient
975,PNW,0,PEBA,Native gradient
978,PNW,0,PEBA,Native gradient
979,PNW,0,PEBA,Native gradient
981,PNW,0,PEBA,Native gradient
982,PNW,0,PEBA,Native gradient
983,PNW,0,PEBA,Native gradient
984,PNW,0,PEBA,Native gradient
985,PNW,0,PEBA,Native gradient
986,PNW,0,PEBA,Native gradient
987,PNW,0,PEBA,Native gradient
988,PNW,0,PEBA,Native gradient
989,PNW,0,PEBA,Native gradient
990,PNW,0,PEBA,Native gradient
991,PNW,0,PEBA,Native gradient
992,PNW,0,PEBA,Native gradient
993,PNW,0,PEBA,Native gradient
994,PNW,0,PEBA,Native gradient
995,PNW,0,PEBA,Native gradient
996,PNW,0,PEBA,Native gradient
997,PNW,0,PEBA,Native gradient
998,PNW,0,PEBA,Native gradient
999,PNW,0,PEBA,Native gradient
1000,PNW,0,PEBA,Native gradient
1001,DRO,0,ROAN,Native gradient
1002,DRO,0,ROAN,Native gradient
1003,DRO,0,ROAN,Native gradient
1004,DRO,0,ROAN,Native gradient
1005,DRO,0,ROAN,Native gradient
1006,DRO,0,ROAN,Native gradient
1007,DRO,0,ROAN,Native gradient
1008,DRO,0,ROAN,Native gradient
1009,DRO,0,ROAN,Native gradient
1010,DRO,0,ROAN,Native gradient
1011,DRO,0,ROAN,Native gradient
1012,DRO,0,ROAN,Native gradient
1013,DRO,0,ROAN,Native gradient
1014,DRO,0,ROAN,Native gradient
1015,DRO,0,ROAN,Native gradient
1016,DRO,0,ROAN,Native gradient
1017,DRO,0,ROAN,Native gradient
1018,DRO,0,ROAN,Native gradient
1019,DRO,0,ROAN,Native gradient
1020,DRO,0,ROAN,Native gradient
1021,DRO,0,ROAN,Native gradient
1022,DRO,0,ROAN,Native gradient
1023,DRO,0,ROAN,Native gradient
1024,DRO,0,ROAN,Native gradient
1025,DRO,0,ROAN,Native gradient
1026,DRO,0,ROAN,Native gradient
1027,DRO,0,ROAN,Native gradient
1028,DRO,0,ROAN,Native gradient
1029,DRO,0,ROAN,Native gradient
1030,DRO,0,ROAN,Native gradient
1031,DRO,1,ROAN,Native gradient
1032,DRO,0,ROAN,Native gradient
1033,DRO,0,ROAN,Native gradient
1034,DRO,0,ROAN,Native gradient
1035,DRO,0,ROAN,Native gradient
1036,DRO,0,ROAN,Native gradient
1037,DRO,0,ROAN,Native gradient
1038,DRO,1,ROAN,Native gradient
1039,DRO,0,ROAN,Native gradient
1040,DRO,0,ROAN,Native gradient
