ID,species,location,latitude,longitude,new_subfamily_names,new_feeding_groups,reference
1,Microcerotermes nervosus,"Darwin, Australia",-12.37,130.867,Amitermitinae,Wood feeder,"Nauer, P. A., Hutley, L. B., & Arndt, S. K. (2018). Termite mounds mitigate half of termite methane emissions. Proceedings of the National Academy of Sciences, 115(52), 13306-13311."
2,Macrognathotermes sunteri,"Darwin, Australia",-12.37,130.867,Termitinae,Soil feeder,"Nauer, P. A., Hutley, L. B., & Arndt, S. K. (2018). Termite mounds mitigate half of termite methane emissions. Proceedings of the National Academy of Sciences, 115(52), 13306-13311."
3,Tumulitermes pastinator,"Darwin, Australia",-12.37,130.867,Nasutitermitinae,Grass feeder,"Nauer, P. A., Hutley, L. B., & Arndt, S. K. (2018). Termite mounds mitigate half of termite methane emissions. Proceedings of the National Academy of Sciences, 115(52), 13306-13311."
4,Coptotermes formosanus,"Kyoto, Japan",35.027,135.783,Heterotermitinae,Wood feeder,"Yanase, Y., Miura, M., Fujii, Y., Okumura, S., & Yoshimura, T. (2013). Evaluation of the concentrations of hydrogen and methane emitted by termite using a semiconductor gas sensor. Journal of wood science, 59(3), 243-248."
5,Reticulitermes speratus,"Kyoto, Japan",35.027,135.783,Heterotermitinae,Wood feeder,"Yanase, Y., Miura, M., Fujii, Y., Okumura, S., & Yoshimura, T. (2013). Evaluation of the concentrations of hydrogen and methane emitted by termite using a semiconductor gas sensor. Journal of wood science, 59(3), 243-248."
6,Incisitermes minor,"Kyoto, Japan",35.027,135.783,Kalotermitinae,Wood feeder,"Yanase, Y., Miura, M., Fujii, Y., Okumura, S., & Yoshimura, T. (2013). Evaluation of the concentrations of hydrogen and methane emitted by termite using a semiconductor gas sensor. Journal of wood science, 59(3), 243-248."
7,Zootermopsis nevadensis,"Kyoto, Japan",35.027,135.783,Archotermopsinae,Wood feeder,"Yanase, Y., Miura, M., Fujii, Y., Okumura, S., & Yoshimura, T. (2013). Evaluation of the concentrations of hydrogen and methane emitted by termite using a semiconductor gas sensor. Journal of wood science, 59(3), 243-248."
8,Microcerotermes nervosus,"Darwin, Australia",-12.24,130.55,Amitermitinae,Wood feeder,"Jamali, H., Livesley, S. J., Dawes, T. Z., Hutley, L. B., & Arndt, S. K. (2011). Termite mound emissions of CH4 and CO2 are primarily determined by seasonal changes in termite biomass and behaviour. Oecologia, 167(2), 525-534."
9,Reticulitermes santonensis,NA,,,Heterotermitinae,Wood feeder,"Pester, M., Tholen, A., Friedrich, M. W., & Brune, A. (2007). Methane oxidation in termite hindguts: absence of evidence and evidence of absence. Applied and Environmental Microbiology, 73(6), 2024-2028."
10,Zootermopsis nevadensis,NA,,,Archotermopsinae,Wood feeder,"Pester, M., Tholen, A., Friedrich, M. W., & Brune, A. (2007). Methane oxidation in termite hindguts: absence of evidence and evidence of absence. Applied and Environmental Microbiology, 73(6), 2024-2028."
11,Hodotermopsis sjoestedti,NA,,,Archotermopsinae,Wood feeder,"Pester, M., Tholen, A., Friedrich, M. W., & Brune, A. (2007). Methane oxidation in termite hindguts: absence of evidence and evidence of absence. Applied and Environmental Microbiology, 73(6), 2024-2028."
12,Cryptotermes secundus,NA,,,Kalotermitinae,Wood feeder,"Pester, M., Tholen, A., Friedrich, M. W., & Brune, A. (2007). Methane oxidation in termite hindguts: absence of evidence and evidence of absence. Applied and Environmental Microbiology, 73(6), 2024-2028."
13,Cubitermes orthognathus,NA,,,Cubitermitinae,Soil feeder,"Pester, M., Tholen, A., Friedrich, M. W., & Brune, A. (2007). Methane oxidation in termite hindguts: absence of evidence and evidence of absence. Applied and Environmental Microbiology, 73(6), 2024-2028."
14,Reticulitermes santonensis,"Royan, France",45.738,1.215,Heterotermitinae,Wood feeder,"Pester, M., & Brune, A. (2007). Hydrogen is the central free intermediate during lignocellulose degradation by termite gut symbionts. The ISME journal, 1(6), 551-565."
15,Zootermopsis nevadensis,"California, USA",34.676,-119.444,Archotermopsinae,Wood feeder,"Pester, M., & Brune, A. (2007). Hydrogen is the central free intermediate during lignocellulose degradation by termite gut symbionts. The ISME journal, 1(6), 551-565."
16,Cryptotermes secundus,"Darwin, Australia",-12.412,130.832,Kalotermitinae,Wood feeder,"Pester, M., & Brune, A. (2007). Hydrogen is the central free intermediate during lignocellulose degradation by termite gut symbionts. The ISME journal, 1(6), 551-565."
17,Schedorhinotermes putorius,"Mbalmayo, Cameroon",3.517,11.5,Rhinotermitinae,Wood feeder,"Brauman, A., Doré, J., Eggleton, P., Bignell, D., Breznak, J. A., & Kane, M. D. (2001). Molecular phylogenetic profiling of prokaryotic communities in guts of termites with different feeding habits. FEMS Microbiology Ecology, 35(1), 27-36."
18,Nasutitermes lujae,"Brazzaville, Congo",-4.158,12.04,Nasutitermitinae,Wood feeder,"Brauman, A., Doré, J., Eggleton, P., Bignell, D., Breznak, J. A., & Kane, M. D. (2001). Molecular phylogenetic profiling of prokaryotic communities in guts of termites with different feeding habits. FEMS Microbiology Ecology, 35(1), 27-36."
19,Microcerotermes parvus,"Brazzaville, Congo",-4.158,12.04,Amitermitinae,Wood feeder,"Brauman, A., Doré, J., Eggleton, P., Bignell, D., Breznak, J. A., & Kane, M. D. (2001). Molecular phylogenetic profiling of prokaryotic communities in guts of termites with different feeding habits. FEMS Microbiology Ecology, 35(1), 27-36."
20,Termes hospes,"Mbalmayo, Cameroon",3.517,11.5,Termitinae,Wood/soil feeder,"Brauman, A., Doré, J., Eggleton, P., Bignell, D., Breznak, J. A., & Kane, M. D. (2001). Molecular phylogenetic profiling of prokaryotic communities in guts of termites with different feeding habits. FEMS Microbiology Ecology, 35(1), 27-36."
21,Coptotermes formosanus,"Timehri , Guyana",6.514,-58.248,Heterotermitinae,Wood feeder,"Brauman, A., Doré, J., Eggleton, P., Bignell, D., Breznak, J. A., & Kane, M. D. (2001). Molecular phylogenetic profiling of prokaryotic communities in guts of termites with different feeding habits. FEMS Microbiology Ecology, 35(1), 27-36."
22,Coxotermes bukokoensis,"Mbalmayo, Cameroon",3.517,11.5,Apicotermitinae,Soil feeder,"Brauman, A., Doré, J., Eggleton, P., Bignell, D., Breznak, J. A., & Kane, M. D. (2001). Molecular phylogenetic profiling of prokaryotic communities in guts of termites with different feeding habits. FEMS Microbiology Ecology, 35(1), 27-36."
23,Thoracotermes macrothorax,"Mbalmayo, Cameroon",3.517,11.5,Cubitermitinae,Soil feeder,"Brauman, A., Doré, J., Eggleton, P., Bignell, D., Breznak, J. A., & Kane, M. D. (2001). Molecular phylogenetic profiling of prokaryotic communities in guts of termites with different feeding habits. FEMS Microbiology Ecology, 35(1), 27-36."
24,Ophiotermes grandilabius,"Mbalmayo, Cameroon",3.517,11.5,Cubitermitinae,Soil feeder,"Brauman, A., Doré, J., Eggleton, P., Bignell, D., Breznak, J. A., & Kane, M. D. (2001). Molecular phylogenetic profiling of prokaryotic communities in guts of termites with different feeding habits. FEMS Microbiology Ecology, 35(1), 27-36."
25,Pericapritermes chiasognatus,"Mbalmayo, Cameroon",3.517,11.5,Mirocapritermitinae,Wood/soil feeder,"Brauman, A., Doré, J., Eggleton, P., Bignell, D., Breznak, J. A., & Kane, M. D. (2001). Molecular phylogenetic profiling of prokaryotic communities in guts of termites with different feeding habits. FEMS Microbiology Ecology, 35(1), 27-36."
26,Astalotermes quietus,"Mbalmayo, Cameroon",3.517,11.5,Apicotermitinae,Wood/soil feeder,"Brauman, A., Doré, J., Eggleton, P., Bignell, D., Breznak, J. A., & Kane, M. D. (2001). Molecular phylogenetic profiling of prokaryotic communities in guts of termites with different feeding habits. FEMS Microbiology Ecology, 35(1), 27-36."
27,Macrotermes subhyalinus,"Sar, Tchad",9.109,16.253,Macrotermitinae,Fungus grower,"Brauman, A., Doré, J., Eggleton, P., Bignell, D., Breznak, J. A., & Kane, M. D. (2001). Molecular phylogenetic profiling of prokaryotic communities in guts of termites with different feeding habits. FEMS Microbiology Ecology, 35(1), 27-36."
28,Nasutitermes arborum,NA,,,Nasutitermitinae,Wood feeder,"Schmitt-Wagner, D., & Brune, A. (1999). Hydrogen profiles and localization of methanogenic activities in the highly compartmentalized hindgut of soil-feeding higher termites (Cubitermes spp.). Applied and Environmental Microbiology, 65(10), 4490-4496."
29,Reticulitermes flavipes,NA,,,Heterotermitinae,Wood feeder,"Schmitt-Wagner, D., & Brune, A. (1999). Hydrogen profiles and localization of methanogenic activities in the highly compartmentalized hindgut of soil-feeding higher termites (Cubitermes spp.). Applied and Environmental Microbiology, 65(10), 4490-4496."
30,Anoplotermes pacificus,Brazil,-24.478,-47.713,Apicotermitinae,Wood/soil feeder,"Schmitt-Wagner, D., & Brune, A. (1999). Hydrogen profiles and localization of methanogenic activities in the highly compartmentalized hindgut of soil-feeding higher termites (Cubitermes spp.). Applied and Environmental Microbiology, 65(10), 4490-4496."
31,Cubitermes orthognathus,"Busia, Kenya ",0.469,34.114,Cubitermitinae,Soil feeder,"Schmitt-Wagner, D., & Brune, A. (1999). Hydrogen profiles and localization of methanogenic activities in the highly compartmentalized hindgut of soil-feeding higher termites (Cubitermes spp.). Applied and Environmental Microbiology, 65(10), 4490-4496."
32,Noditermes indoensis,"Mayombe, Congo",-4.158,12.04,Cubitermitinae,Soil feeder,"Schmitt-Wagner, D., & Brune, A. (1999). Hydrogen profiles and localization of methanogenic activities in the highly compartmentalized hindgut of soil-feeding higher termites (Cubitermes spp.). Applied and Environmental Microbiology, 65(10), 4490-4496."
33,Procubitermes sp. ,"Mayombe, Congo",-4.158,12.04,Cubitermitinae,Soil feeder,"Schmitt-Wagner, D., & Brune, A. (1999). Hydrogen profiles and localization of methanogenic activities in the highly compartmentalized hindgut of soil-feeding higher termites (Cubitermes spp.). Applied and Environmental Microbiology, 65(10), 4490-4496."
34,Thoracotermes macrothorax,"Mayombe, Congo",-4.158,12.04,Cubitermitinae,Soil feeder,"Schmitt-Wagner, D., & Brune, A. (1999). Hydrogen profiles and localization of methanogenic activities in the highly compartmentalized hindgut of soil-feeding higher termites (Cubitermes spp.). Applied and Environmental Microbiology, 65(10), 4490-4496."
35,Dicuspiditermes santschii,"Sabah, Malaysia",4.58,117.8,Mirocapritermitinae,Wood/soil feeder,"Jeeva, D., Bignell, D. E., Eggleton, P., & Maryati, M. (1999). Respiratory gas exchanges of termites from the Sabah (Borneo) assemblage. Physiological Entomology, 24(1), 11-17."
36,Dicuspiditermes nemorosus,"Sabah, Malaysia",4.58,117.8,Mirocapritermitinae,Wood/soil feeder,"Jeeva, D., Bignell, D. E., Eggleton, P., & Maryati, M. (1999). Respiratory gas exchanges of termites from the Sabah (Borneo) assemblage. Physiological Entomology, 24(1), 11-17."
37,Pericapritermes semarangi,"Sabah, Malaysia",4.58,117.8,Mirocapritermitinae,Wood/soil feeder,"Jeeva, D., Bignell, D. E., Eggleton, P., & Maryati, M. (1999). Respiratory gas exchanges of termites from the Sabah (Borneo) assemblage. Physiological Entomology, 24(1), 11-17."
38,Procapritermes sandakanensis,"Sabah, Malaysia",4.58,117.8,Mirocapritermitinae,Wood/soil feeder,"Jeeva, D., Bignell, D. E., Eggleton, P., & Maryati, M. (1999). Respiratory gas exchanges of termites from the Sabah (Borneo) assemblage. Physiological Entomology, 24(1), 11-17."
39,Homallotermes eleanorae,"Sabah, Malaysia",4.58,117.8,Mirocapritermitinae,Wood/soil feeder,"Jeeva, D., Bignell, D. E., Eggleton, P., & Maryati, M. (1999). Respiratory gas exchanges of termites from the Sabah (Borneo) assemblage. Physiological Entomology, 24(1), 11-17."
40,Proaciculitermes sp.,"Sabah, Malaysia",4.58,117.8,Nasutitermitinae,Wood/soil feeder,"Jeeva, D., Bignell, D. E., Eggleton, P., & Maryati, M. (1999). Respiratory gas exchanges of termites from the Sabah (Borneo) assemblage. Physiological Entomology, 24(1), 11-17."
41,Pericapritermes nitobei,"Sabah, Malaysia",4.58,117.8,Mirocapritermitinae,Wood/soil feeder,"Jeeva, D., Bignell, D. E., Eggleton, P., & Maryati, M. (1999). Respiratory gas exchanges of termites from the Sabah (Borneo) assemblage. Physiological Entomology, 24(1), 11-17."
42,Procapritermes sp,"Sabah, Malaysia",4.58,117.8,Mirocapritermitinae,Wood/soil feeder,"Jeeva, D., Bignell, D. E., Eggleton, P., & Maryati, M. (1999). Respiratory gas exchanges of termites from the Sabah (Borneo) assemblage. Physiological Entomology, 24(1), 11-17."
43,Syncapritermes sp. ,"Sabah, Malaysia",4.58,117.8,Mirocapritermitinae,Soil feeder,"Jeeva, D., Bignell, D. E., Eggleton, P., & Maryati, M. (1999). Respiratory gas exchanges of termites from the Sabah (Borneo) assemblage. Physiological Entomology, 24(1), 11-17."
44,Aciculioiditermes sp.,"Sabah, Malaysia",4.58,117.8,Nasutitermitinae,Soil feeder,"Jeeva, D., Bignell, D. E., Eggleton, P., & Maryati, M. (1999). Respiratory gas exchanges of termites from the Sabah (Borneo) assemblage. Physiological Entomology, 24(1), 11-17."
45,Labritermes kistneri,"Sabah, Malaysia",4.58,117.8,Forsminitermitinae,Soil feeder,"Jeeva, D., Bignell, D. E., Eggleton, P., & Maryati, M. (1999). Respiratory gas exchanges of termites from the Sabah (Borneo) assemblage. Physiological Entomology, 24(1), 11-17."
46,Termes borneensis,"Sabah, Malaysia",4.58,117.8,Termitinae,Wood/soil feeder,"Jeeva, D., Bignell, D. E., Eggleton, P., & Maryati, M. (1999). Respiratory gas exchanges of termites from the Sabah (Borneo) assemblage. Physiological Entomology, 24(1), 11-17."
47,Prohamitermes mirabilis,"Sabah, Malaysia",4.58,117.8,Amitermitinae,Wood feeder,"Jeeva, D., Bignell, D. E., Eggleton, P., & Maryati, M. (1999). Respiratory gas exchanges of termites from the Sabah (Borneo) assemblage. Physiological Entomology, 24(1), 11-17."
48,Bulbitermes sp.,"Sabah, Malaysia",4.58,117.8,Nasutitermitinae,Wood feeder,"Jeeva, D., Bignell, D. E., Eggleton, P., & Maryati, M. (1999). Respiratory gas exchanges of termites from the Sabah (Borneo) assemblage. Physiological Entomology, 24(1), 11-17."
49,Nasutitermes longinasus,"Sabah, Malaysia",4.58,117.8,Nasutitermitinae,Wood feeder,"Jeeva, D., Bignell, D. E., Eggleton, P., & Maryati, M. (1999). Respiratory gas exchanges of termites from the Sabah (Borneo) assemblage. Physiological Entomology, 24(1), 11-17."
50,Hypotermes xenotermitis,"Sabah, Malaysia",4.58,117.8,Macrotermitinae,Wood feeder,"Jeeva, D., Bignell, D. E., Eggleton, P., & Maryati, M. (1999). Respiratory gas exchanges of termites from the Sabah (Borneo) assemblage. Physiological Entomology, 24(1), 11-17."
51,Heterotermes tenuior,"Sabah, Malaysia",4.58,117.8,Heterotermitinae,Wood feeder,"Jeeva, D., Bignell, D. E., Eggleton, P., & Maryati, M. (1999). Respiratory gas exchanges of termites from the Sabah (Borneo) assemblage. Physiological Entomology, 24(1), 11-17."
52,Schedorhinotermes javanicus ,"Sabah, Malaysia",4.58,117.8,Rhinotermitinae,Wood feeder,"Jeeva, D., Bignell, D. E., Eggleton, P., & Maryati, M. (1999). Respiratory gas exchanges of termites from the Sabah (Borneo) assemblage. Physiological Entomology, 24(1), 11-17."
53,Globitermes globosus,"Sabah, Malaysia",4.58,117.8,Amitermitinae,Wood feeder,"Jeeva, D., Bignell, D. E., Eggleton, P., & Maryati, M. (1999). Respiratory gas exchanges of termites from the Sabah (Borneo) assemblage. Physiological Entomology, 24(1), 11-17."
54,Schedorhinotermes sarawakensis,"Sabah, Malaysia",4.58,117.8,Rhinotermitinae,Wood feeder,"Jeeva, D., Bignell, D. E., Eggleton, P., & Maryati, M. (1999). Respiratory gas exchanges of termites from the Sabah (Borneo) assemblage. Physiological Entomology, 24(1), 11-17."
55,Microcerotermes dubius,"Sabah, Malaysia",4.58,117.8,Amitermitinae,Wood feeder,"Jeeva, D., Bignell, D. E., Eggleton, P., & Maryati, M. (1999). Respiratory gas exchanges of termites from the Sabah (Borneo) assemblage. Physiological Entomology, 24(1), 11-17."
56,Microcerotermes serrula,"Sabah, Malaysia",4.58,117.8,Amitermitinae,Wood feeder,"Jeeva, D., Bignell, D. E., Eggleton, P., & Maryati, M. (1999). Respiratory gas exchanges of termites from the Sabah (Borneo) assemblage. Physiological Entomology, 24(1), 11-17."
57,Macrotermes malaccensis,"Sabah, Malaysia",4.58,117.8,Macrotermitinae,Fungus grower,"Jeeva, D., Bignell, D. E., Eggleton, P., & Maryati, M. (1999). Respiratory gas exchanges of termites from the Sabah (Borneo) assemblage. Physiological Entomology, 24(1), 11-17."
58,Macrotermes malaccensis,"Sabah, Malaysia",4.58,117.8,Macrotermitinae,Fungus grower,"Jeeva, D., Bignell, D. E., Eggleton, P., & Maryati, M. (1999). Respiratory gas exchanges of termites from the Sabah (Borneo) assemblage. Physiological Entomology, 24(1), 11-17."
59,Macrotermes gilvus,"Sabah, Malaysia",4.58,117.8,Macrotermitinae,Fungus grower,"Jeeva, D., Bignell, D. E., Eggleton, P., & Maryati, M. (1999). Respiratory gas exchanges of termites from the Sabah (Borneo) assemblage. Physiological Entomology, 24(1), 11-17."
60,Macrotermes gilvus,"Sabah, Malaysia",4.58,117.8,Macrotermitinae,Fungus grower,"Jeeva, D., Bignell, D. E., Eggleton, P., & Maryati, M. (1999). Respiratory gas exchanges of termites from the Sabah (Borneo) assemblage. Physiological Entomology, 24(1), 11-17."
61,Havilanditermes atripennis,"Sabah, Malaysia",4.58,117.8,Nasutitermitinae,Wood feeder,"Jeeva, D., Bignell, D. E., Eggleton, P., & Maryati, M. (1999). Respiratory gas exchanges of termites from the Sabah (Borneo) assemblage. Physiological Entomology, 24(1), 11-17."
62,Hospitalitermes hospitalis,"Sabah, Malaysia",4.58,117.8,Nasutitermitinae,Lichen/moss feeder,"Jeeva, D., Bignell, D. E., Eggleton, P., & Maryati, M. (1999). Respiratory gas exchanges of termites from the Sabah (Borneo) assemblage. Physiological Entomology, 24(1), 11-17."
63,Mastotermes darwiniensis,"Darwin, Australia",-12.426,130.933,Mastotermitinae,Wood feeder,"Sugimoto, A., Inoue, T., Tayasu, I., Miller, L., Takeichi, S., & Abe, T. (1998). Methane and hydrogen production in a termite-symbiont system. Ecological Research, 13(2), 241-257."
64,Cryptotermes secundus,"Darwin, Australia",-12.426,130.933,Kalotermitinae,Wood feeder,"Sugimoto, A., Inoue, T., Tayasu, I., Miller, L., Takeichi, S., & Abe, T. (1998). Methane and hydrogen production in a termite-symbiont system. Ecological Research, 13(2), 241-257."
65,Glyptotermes sp.,"Bangkok, Thailand",14.511,101.929,Kalotermitinae,Wood feeder,"Sugimoto, A., Inoue, T., Tayasu, I., Miller, L., Takeichi, S., & Abe, T. (1998). Methane and hydrogen production in a termite-symbiont system. Ecological Research, 13(2), 241-257."
66,Neotermes koshunensis,Japan,35.098,35.098,Kalotermitinae,Wood feeder,"Sugimoto, A., Inoue, T., Tayasu, I., Miller, L., Takeichi, S., & Abe, T. (1998). Methane and hydrogen production in a termite-symbiont system. Ecological Research, 13(2), 241-257."
67,Coptotermes acinaciformis,"Darwin, Australia",-12.426,130.933,Heterotermitinae,Wood feeder,"Sugimoto, A., Inoue, T., Tayasu, I., Miller, L., Takeichi, S., & Abe, T. (1998). Methane and hydrogen production in a termite-symbiont system. Ecological Research, 13(2), 241-257."
68,Coptotermes sp.,"Bangkok, Thailand",14.511,101.929,Heterotermitinae,Wood feeder,"Sugimoto, A., Inoue, T., Tayasu, I., Miller, L., Takeichi, S., & Abe, T. (1998). Methane and hydrogen production in a termite-symbiont system. Ecological Research, 13(2), 241-257."
69,Heterotermes vagus,"Darwin, Australia",-12.37,130.867,Heterotermitinae,Wood feeder,"Sugimoto, A., Inoue, T., Tayasu, I., Miller, L., Takeichi, S., & Abe, T. (1998). Methane and hydrogen production in a termite-symbiont system. Ecological Research, 13(2), 241-257."
70,Reticulitermes speratus,Japan,35.098,35.098,Heterotermitinae,Wood feeder,"Sugimoto, A., Inoue, T., Tayasu, I., Miller, L., Takeichi, S., & Abe, T. (1998). Methane and hydrogen production in a termite-symbiont system. Ecological Research, 13(2), 241-257."
71,Schedorhinotermes actuosus,"Darwin, Australia",-12.426,130.933,Rhinotermitinae,Wood feeder,"Sugimoto, A., Inoue, T., Tayasu, I., Miller, L., Takeichi, S., & Abe, T. (1998). Methane and hydrogen production in a termite-symbiont system. Ecological Research, 13(2), 241-257."
72,Schedorhinotermes breinli,"Darwin, Australia",-12.426,130.933,Rhinotermitinae,Wood feeder,"Sugimoto, A., Inoue, T., Tayasu, I., Miller, L., Takeichi, S., & Abe, T. (1998). Methane and hydrogen production in a termite-symbiont system. Ecological Research, 13(2), 241-257."
73,Schedorhinotermes sp.,"Bangkok, Thailand",14.511,101.929,Rhinotermitinae,Wood feeder,"Sugimoto, A., Inoue, T., Tayasu, I., Miller, L., Takeichi, S., & Abe, T. (1998). Methane and hydrogen production in a termite-symbiont system. Ecological Research, 13(2), 241-257."
74,Macrotermes annadalei,"Bangkok, Thailand",14.511,101.929,Macrotermitinae,Fungus grower,"Sugimoto, A., Inoue, T., Tayasu, I., Miller, L., Takeichi, S., & Abe, T. (1998). Methane and hydrogen production in a termite-symbiont system. Ecological Research, 13(2), 241-257."
75,Macrotermes annadalei,"Bangkok, Thailand",14.511,101.929,Macrotermitinae,Fungus grower,"Sugimoto, A., Inoue, T., Tayasu, I., Miller, L., Takeichi, S., & Abe, T. (1998). Methane and hydrogen production in a termite-symbiont system. Ecological Research, 13(2), 241-257."
76,Macrotermes carbonarius,"Bangkok, Thailand",14.511,101.929,Macrotermitinae,Fungus grower,"Sugimoto, A., Inoue, T., Tayasu, I., Miller, L., Takeichi, S., & Abe, T. (1998). Methane and hydrogen production in a termite-symbiont system. Ecological Research, 13(2), 241-257."
77,Macrotermes carbonarius,"Bangkok, Thailand",14.511,101.929,Macrotermitinae,Fungus grower,"Sugimoto, A., Inoue, T., Tayasu, I., Miller, L., Takeichi, S., & Abe, T. (1998). Methane and hydrogen production in a termite-symbiont system. Ecological Research, 13(2), 241-257."
78,Macrotermes gilvus,"Bangkok, Thailand",14.511,101.929,Macrotermitinae,Fungus grower,"Sugimoto, A., Inoue, T., Tayasu, I., Miller, L., Takeichi, S., & Abe, T. (1998). Methane and hydrogen production in a termite-symbiont system. Ecological Research, 13(2), 241-257."
79,Macrotermes gilvus,"Bangkok, Thailand",14.511,101.929,Macrotermitinae,Fungus grower,"Sugimoto, A., Inoue, T., Tayasu, I., Miller, L., Takeichi, S., & Abe, T. (1998). Methane and hydrogen production in a termite-symbiont system. Ecological Research, 13(2), 241-257."
80,Odontotermes formosanus,Japan,35.098,35.098,Macrotermitinae,Fungus grower,"Sugimoto, A., Inoue, T., Tayasu, I., Miller, L., Takeichi, S., & Abe, T. (1998). Methane and hydrogen production in a termite-symbiont system. Ecological Research, 13(2), 241-257."
81,Odontotermes sp.,Japan,35.098,35.098,Macrotermitinae,Fungus grower,"Sugimoto, A., Inoue, T., Tayasu, I., Miller, L., Takeichi, S., & Abe, T. (1998). Methane and hydrogen production in a termite-symbiont system. Ecological Research, 13(2), 241-257."
82,Amitermes arboreus,"Darwin, Australia",-12.426,130.933,Amitermitinae,Wood/soil feeder,"Sugimoto, A., Inoue, T., Tayasu, I., Miller, L., Takeichi, S., & Abe, T. (1998). Methane and hydrogen production in a termite-symbiont system. Ecological Research, 13(2), 241-257."
83,Amitermes laurensis,"Darwin, Australia",-12.426,130.933,Amitermitinae,Debris feeder,"Sugimoto, A., Inoue, T., Tayasu, I., Miller, L., Takeichi, S., & Abe, T. (1998). Methane and hydrogen production in a termite-symbiont system. Ecological Research, 13(2), 241-257."
84,Amitermes perelegans,"Darwin, Australia",-12.426,130.933,Amitermitinae,Wood/soil feeder,"Sugimoto, A., Inoue, T., Tayasu, I., Miller, L., Takeichi, S., & Abe, T. (1998). Methane and hydrogen production in a termite-symbiont system. Ecological Research, 13(2), 241-257."
85,Amitermes subtilis,"Darwin, Australia",-12.426,130.933,Amitermitinae,Wood feeder,"Sugimoto, A., Inoue, T., Tayasu, I., Miller, L., Takeichi, S., & Abe, T. (1998). Methane and hydrogen production in a termite-symbiont system. Ecological Research, 13(2), 241-257."
86,Globitermes sulphureus,"Bangkok, Thailand",14.511,101.929,Amitermitinae,Wood feeder,"Sugimoto, A., Inoue, T., Tayasu, I., Miller, L., Takeichi, S., & Abe, T. (1998). Methane and hydrogen production in a termite-symbiont system. Ecological Research, 13(2), 241-257."
87,Microcerotermes boreus,"Darwin, Australia",-12.426,130.933,Amitermitinae,Wood feeder,"Sugimoto, A., Inoue, T., Tayasu, I., Miller, L., Takeichi, S., & Abe, T. (1998). Methane and hydrogen production in a termite-symbiont system. Ecological Research, 13(2), 241-257."
88,Microcerotermes nervosus,"Darwin, Australia",-12.426,130.933,Amitermitinae,Wood feeder,"Sugimoto, A., Inoue, T., Tayasu, I., Miller, L., Takeichi, S., & Abe, T. (1998). Methane and hydrogen production in a termite-symbiont system. Ecological Research, 13(2), 241-257."
89,Microcerotermes sp.,"Bangkok, Thailand",14.511,101.929,Amitermitinae,Wood feeder,"Sugimoto, A., Inoue, T., Tayasu, I., Miller, L., Takeichi, S., & Abe, T. (1998). Methane and hydrogen production in a termite-symbiont system. Ecological Research, 13(2), 241-257."
90,Dicuspiditermes spp.,"Bangkok, Thailand",14.511,101.929,Mirocapritermitinae,Wood/soil feeder,"Sugimoto, A., Inoue, T., Tayasu, I., Miller, L., Takeichi, S., & Abe, T. (1998). Methane and hydrogen production in a termite-symbiont system. Ecological Research, 13(2), 241-257."
91,Termes spp.,"Bangkok, Thailand",14.511,101.929,Termitinae,Wood/soil feeder,"Sugimoto, A., Inoue, T., Tayasu, I., Miller, L., Takeichi, S., & Abe, T. (1998). Methane and hydrogen production in a termite-symbiont system. Ecological Research, 13(2), 241-257."
92,Xylochomitermes melvillensis,"Darwin, Australia",-12.426,130.933,Termitinae,Wood/soil feeder,"Sugimoto, A., Inoue, T., Tayasu, I., Miller, L., Takeichi, S., & Abe, T. (1998). Methane and hydrogen production in a termite-symbiont system. Ecological Research, 13(2), 241-257."
93,Ephelotermes melachoma ,"Darwin, Australia",-12.426,130.933,Termitinae,Wood/soil feeder,"Sugimoto, A., Inoue, T., Tayasu, I., Miller, L., Takeichi, S., & Abe, T. (1998). Methane and hydrogen production in a termite-symbiont system. Ecological Research, 13(2), 241-257."
94,Cristatitermes froggatti,"Darwin, Australia",-12.426,130.933,Termitinae,Wood/soil feeder,"Sugimoto, A., Inoue, T., Tayasu, I., Miller, L., Takeichi, S., & Abe, T. (1998). Methane and hydrogen production in a termite-symbiont system. Ecological Research, 13(2), 241-257."
95,Lophotermes septentrionalis,"Darwin, Australia",-12.426,130.933,Termitinae,Wood/soil feeder,"Sugimoto, A., Inoue, T., Tayasu, I., Miller, L., Takeichi, S., & Abe, T. (1998). Methane and hydrogen production in a termite-symbiont system. Ecological Research, 13(2), 241-257."
96,Macrognathotermes sunteri,"Darwin, Australia",-12.426,130.933,Termitinae,Soil feeder,"Sugimoto, A., Inoue, T., Tayasu, I., Miller, L., Takeichi, S., & Abe, T. (1998). Methane and hydrogen production in a termite-symbiont system. Ecological Research, 13(2), 241-257."
97,Nasutitermes triodiae,"Darwin, Australia",-12.426,130.933,Nasutitermitinae,Grass feeder,"Sugimoto, A., Inoue, T., Tayasu, I., Miller, L., Takeichi, S., & Abe, T. (1998). Methane and hydrogen production in a termite-symbiont system. Ecological Research, 13(2), 241-257."
98,Tumulitermes comatus,"Darwin, Australia",-12.426,130.933,Nasutitermitinae,Grass feeder,"Sugimoto, A., Inoue, T., Tayasu, I., Miller, L., Takeichi, S., & Abe, T. (1998). Methane and hydrogen production in a termite-symbiont system. Ecological Research, 13(2), 241-257."
99,Reticulitermes flavipes,"Michigan, USA",45.562,-84.299,Heterotermitinae,Wood feeder,"Ebert, A., & Brune, A. (1997). Hydrogen concentration profiles at the oxic-anoxic interface: a microsensor study of the hindgut of the wood-feeding lower termite Reticulitermes flavipes (Kollar). Applied and Environmental Microbiology, 63(10), 4039-4046."
100,Coptotermes acinaciformis,"Mbalmayo, Cameroon",3.517,11.5,Heterotermitinae,Wood feeder,"Nunes, L., Bignell, D. E., Lo, N., & Eggleton, P. (1997). On the respiratory quotient (RQ) of termites (Insecta: Isoptera). Journal of Insect Physiology, 43(8), 749-758."
101,Nasutitermes walkeri,"Mbalmayo, Cameroon",3.517,11.5,Nasutitermitinae,Wood feeder,"Nunes, L., Bignell, D. E., Lo, N., & Eggleton, P. (1997). On the respiratory quotient (RQ) of termites (Insecta: Isoptera). Journal of Insect Physiology, 43(8), 749-758."
102,Reticulitermes flavipes,"Mbalmayo, Cameroon",3.517,11.5,Heterotermitinae,Wood feeder,"Nunes, L., Bignell, D. E., Lo, N., & Eggleton, P. (1997). On the respiratory quotient (RQ) of termites (Insecta: Isoptera). Journal of Insect Physiology, 43(8), 749-758."
103,Macrotermes subhyalinus,"Mbalmayo, Cameroon",3.517,11.5,Macrotermitinae,Fungus grower,"Nunes, L., Bignell, D. E., Lo, N., & Eggleton, P. (1997). On the respiratory quotient (RQ) of termites (Insecta: Isoptera). Journal of Insect Physiology, 43(8), 749-758."
104,Macrotermes subhyalinus ,"Mbalmayo, Cameroon",3.517,11.5,Macrotermitinae,Fungus grower,"Nunes, L., Bignell, D. E., Lo, N., & Eggleton, P. (1997). On the respiratory quotient (RQ) of termites (Insecta: Isoptera). Journal of Insect Physiology, 43(8), 749-758."
105,Reticulitermes lucifugus,"Mbalmayo, Cameroon",3.517,11.5,Heterotermitinae,Wood feeder,"Nunes, L., Bignell, D. E., Lo, N., & Eggleton, P. (1997). On the respiratory quotient (RQ) of termites (Insecta: Isoptera). Journal of Insect Physiology, 43(8), 749-758."
106,Reticulitermes santonensis,"Mbalmayo, Cameroon",3.517,11.5,Heterotermitinae,Wood feeder,"Nunes, L., Bignell, D. E., Lo, N., & Eggleton, P. (1997). On the respiratory quotient (RQ) of termites (Insecta: Isoptera). Journal of Insect Physiology, 43(8), 749-758."
107,Macrotermes mulleri ,"Mbalmayo, Cameroon",3.517,11.5,Macrotermitinae,Fungus grower,"Nunes, L., Bignell, D. E., Lo, N., & Eggleton, P. (1997). On the respiratory quotient (RQ) of termites (Insecta: Isoptera). Journal of Insect Physiology, 43(8), 749-758."
108,Macrotermes mulleri ,"Mbalmayo, Cameroon",3.517,11.5,Macrotermitinae,Fungus grower,"Nunes, L., Bignell, D. E., Lo, N., & Eggleton, P. (1997). On the respiratory quotient (RQ) of termites (Insecta: Isoptera). Journal of Insect Physiology, 43(8), 749-758."
109,Pseudacanthotermes militaris,"Mbalmayo, Cameroon",3.517,11.5,Macrotermitinae,Fungus grower,"Nunes, L., Bignell, D. E., Lo, N., & Eggleton, P. (1997). On the respiratory quotient (RQ) of termites (Insecta: Isoptera). Journal of Insect Physiology, 43(8), 749-758."
110,Microcerotermes parvus,"Mbalmayo, Cameroon",3.517,11.5,Amitermitinae,Wood feeder,"Nunes, L., Bignell, D. E., Lo, N., & Eggleton, P. (1997). On the respiratory quotient (RQ) of termites (Insecta: Isoptera). Journal of Insect Physiology, 43(8), 749-758."
111,Microtermes grassei,"Mbalmayo, Cameroon",3.517,11.5,Amitermitinae,Wood feeder,"Nunes, L., Bignell, D. E., Lo, N., & Eggleton, P. (1997). On the respiratory quotient (RQ) of termites (Insecta: Isoptera). Journal of Insect Physiology, 43(8), 749-758."
112,Nasutitermes latifrons,"Mbalmayo, Cameroon",3.517,11.5,Nasutitermitinae,Wood feeder,"Nunes, L., Bignell, D. E., Lo, N., & Eggleton, P. (1997). On the respiratory quotient (RQ) of termites (Insecta: Isoptera). Journal of Insect Physiology, 43(8), 749-758."
113,Protermes prorepens,"Mbalmayo, Cameroon",3.517,11.5,Macrotermitinae,Wood feeder,"Nunes, L., Bignell, D. E., Lo, N., & Eggleton, P. (1997). On the respiratory quotient (RQ) of termites (Insecta: Isoptera). Journal of Insect Physiology, 43(8), 749-758."
114,Schedorhinotermes putorius,"Mbalmayo, Cameroon",3.517,11.5,Rhinotermitinae,Wood feeder,"Nunes, L., Bignell, D. E., Lo, N., & Eggleton, P. (1997). On the respiratory quotient (RQ) of termites (Insecta: Isoptera). Journal of Insect Physiology, 43(8), 749-758."
115,Amalotermes phaecocephalus,"Mbalmayo, Cameroon",3.517,11.5,Apicotermitinae,Wood/soil feeder,"Nunes, L., Bignell, D. E., Lo, N., & Eggleton, P. (1997). On the respiratory quotient (RQ) of termites (Insecta: Isoptera). Journal of Insect Physiology, 43(8), 749-758."
116,Cephalotermes rectangularis,"Mbalmayo, Cameroon",3.517,11.5,Termitinae,Wood/soil feeder,"Nunes, L., Bignell, D. E., Lo, N., & Eggleton, P. (1997). On the respiratory quotient (RQ) of termites (Insecta: Isoptera). Journal of Insect Physiology, 43(8), 749-758."
117,Termes hospes,"Mbalmayo, Cameroon",3.517,11.5,Termitinae,Wood/soil feeder,"Nunes, L., Bignell, D. E., Lo, N., & Eggleton, P. (1997). On the respiratory quotient (RQ) of termites (Insecta: Isoptera). Journal of Insect Physiology, 43(8), 749-758."
118,Apilitermes longiceps ,"Mbalmayo, Cameroon",3.517,11.5,Cubitermitinae,Soil feeder,"Nunes, L., Bignell, D. E., Lo, N., & Eggleton, P. (1997). On the respiratory quotient (RQ) of termites (Insecta: Isoptera). Journal of Insect Physiology, 43(8), 749-758."
119,Astalotermes quietus,"Mbalmayo, Cameroon",3.517,11.5,Apicotermitinae,Wood/soil feeder,"Nunes, L., Bignell, D. E., Lo, N., & Eggleton, P. (1997). On the respiratory quotient (RQ) of termites (Insecta: Isoptera). Journal of Insect Physiology, 43(8), 749-758."
120,Coxotermes bukokoensis,"Mbalmayo, Cameroon",3.517,11.5,Apicotermitinae,Soil feeder,"Nunes, L., Bignell, D. E., Lo, N., & Eggleton, P. (1997). On the respiratory quotient (RQ) of termites (Insecta: Isoptera). Journal of Insect Physiology, 43(8), 749-758."
121,Crenetermes albotarsalis,"Mbalmayo, Cameroon",3.517,11.5,Cubitermitinae,Soil feeder,"Nunes, L., Bignell, D. E., Lo, N., & Eggleton, P. (1997). On the respiratory quotient (RQ) of termites (Insecta: Isoptera). Journal of Insect Physiology, 43(8), 749-758."
122,Cubitermes fungifaber ,"Mbalmayo, Cameroon",3.517,11.5,Cubitermitinae,Soil feeder,"Nunes, L., Bignell, D. E., Lo, N., & Eggleton, P. (1997). On the respiratory quotient (RQ) of termites (Insecta: Isoptera). Journal of Insect Physiology, 43(8), 749-758."
123,Cubitermes heghi,"Mbalmayo, Cameroon",3.517,11.5,Cubitermitinae,Soil feeder,"Nunes, L., Bignell, D. E., Lo, N., & Eggleton, P. (1997). On the respiratory quotient (RQ) of termites (Insecta: Isoptera). Journal of Insect Physiology, 43(8), 749-758."
124,Jugositermes tuberculatus ,"Mbalmayo, Cameroon",3.517,11.5,Apicotermitinae,Soil feeder,"Nunes, L., Bignell, D. E., Lo, N., & Eggleton, P. (1997). On the respiratory quotient (RQ) of termites (Insecta: Isoptera). Journal of Insect Physiology, 43(8), 749-758."
125,Labidotermes sp. ,"Mbalmayo, Cameroon",3.517,11.5,Apicotermitinae,Soil feeder,"Nunes, L., Bignell, D. E., Lo, N., & Eggleton, P. (1997). On the respiratory quotient (RQ) of termites (Insecta: Isoptera). Journal of Insect Physiology, 43(8), 749-758."
126,Labidotermes sp. ,"Mbalmayo, Cameroon",3.517,11.5,Apicotermitinae,Soil feeder,"Nunes, L., Bignell, D. E., Lo, N., & Eggleton, P. (1997). On the respiratory quotient (RQ) of termites (Insecta: Isoptera). Journal of Insect Physiology, 43(8), 749-758."
127,Ophiotermes grandilabius ,"Mbalmayo, Cameroon",3.517,11.5,Cubitermitinae,Soil feeder,"Nunes, L., Bignell, D. E., Lo, N., & Eggleton, P. (1997). On the respiratory quotient (RQ) of termites (Insecta: Isoptera). Journal of Insect Physiology, 43(8), 749-758."
128,Pericapritermes amplignathus,"Mbalmayo, Cameroon",3.517,11.5,Mirocapritermitinae,Soil feeder,"Nunes, L., Bignell, D. E., Lo, N., & Eggleton, P. (1997). On the respiratory quotient (RQ) of termites (Insecta: Isoptera). Journal of Insect Physiology, 43(8), 749-758."
129,Procubitermes arboricola,"Mbalmayo, Cameroon",3.517,11.5,Cubitermitinae,Soil feeder,"Nunes, L., Bignell, D. E., Lo, N., & Eggleton, P. (1997). On the respiratory quotient (RQ) of termites (Insecta: Isoptera). Journal of Insect Physiology, 43(8), 749-758."
130,Thoracotermes macrothorax,"Mbalmayo, Cameroon",3.517,11.5,Cubitermitinae,Soil feeder,"Nunes, L., Bignell, D. E., Lo, N., & Eggleton, P. (1997). On the respiratory quotient (RQ) of termites (Insecta: Isoptera). Journal of Insect Physiology, 43(8), 749-758."
131,Macrotermes jeanneli,Kenya,0.617,36.017,Macrotermitinae,Fungus grower,"Darlington, J. P. E. C., Zimmerman, P. R., Greenberg, J., Westberg, C., & Bakwin, P. (1997). Production of metabolic gases by nests of the termite Macrotermes jeanneli in Kenya. Journal of Tropical Ecology, 13(4), 491-510."
132,Macrotermes jeanneli,Kenya,0.617,36.017,Macrotermitinae,Fungus grower,"Darlington, J. P. E. C., Zimmerman, P. R., Greenberg, J., Westberg, C., & Bakwin, P. (1997). Production of metabolic gases by nests of the termite Macrotermes jeanneli in Kenya. Journal of Tropical Ecology, 13(4), 491-510."
133,Macrotermes jeanneli,Kenya,0.617,36.017,Macrotermitinae,Fungus grower,"Darlington, J. P. E. C., Zimmerman, P. R., Greenberg, J., Westberg, C., & Bakwin, P. (1997). Production of metabolic gases by nests of the termite Macrotermes jeanneli in Kenya. Journal of Tropical Ecology, 13(4), 491-510."
134,Macrotermes jeanneli,Kenya,0.617,36.017,Macrotermitinae,Fungus grower,"Darlington, J. P. E. C., Zimmerman, P. R., Greenberg, J., Westberg, C., & Bakwin, P. (1997). Production of metabolic gases by nests of the termite Macrotermes jeanneli in Kenya. Journal of Tropical Ecology, 13(4), 491-510."
135,Acanthotermes acanthothorax,"Mayombe, Congo",-4.158,12.04,Macrotermitinae,Fungus grower,"Bignell, D. E., Eggleton, P., Nunes, L., & Thomas, K. L. (1997). Termites as mediators of carbon fluxes in tropical forest: budgets for carbon dioxide and methane emissions. Forests and insects, 109-134."
136,Macrotermes mulleri,"Mayombe, Congo",-4.158,12.04,Macrotermitinae,Fungus grower,"Bignell, D. E., Eggleton, P., Nunes, L., & Thomas, K. L. (1997). Termites as mediators of carbon fluxes in tropical forest: budgets for carbon dioxide and methane emissions. Forests and insects, 109-134."
137,Macrotermes mulleri,"Mayombe, Congo",-4.158,12.04,Macrotermitinae,Fungus grower,"Bignell, D. E., Eggleton, P., Nunes, L., & Thomas, K. L. (1997). Termites as mediators of carbon fluxes in tropical forest: budgets for carbon dioxide and methane emissions. Forests and insects, 109-134."
138,Microtermes sp.,"Mayombe, Congo",-4.158,12.04,Macrotermitinae,Fungus grower,"Bignell, D. E., Eggleton, P., Nunes, L., & Thomas, K. L. (1997). Termites as mediators of carbon fluxes in tropical forest: budgets for carbon dioxide and methane emissions. Forests and insects, 109-134."
139,Protermes prorepens,"Mayombe, Congo",-4.158,12.04,Macrotermitinae,Fungus grower,"Bignell, D. E., Eggleton, P., Nunes, L., & Thomas, K. L. (1997). Termites as mediators of carbon fluxes in tropical forest: budgets for carbon dioxide and methane emissions. Forests and insects, 109-134."
140,Pseudacanthotermes militaris,"Mayombe, Congo",-4.158,12.04,Macrotermitinae,Fungus grower,"Bignell, D. E., Eggleton, P., Nunes, L., & Thomas, K. L. (1997). Termites as mediators of carbon fluxes in tropical forest: budgets for carbon dioxide and methane emissions. Forests and insects, 109-134."
141,Cephalotermes rectangularis,"Mayombe, Congo",-4.158,12.04,Termitinae,Wood feeder,"Bignell, D. E., Eggleton, P., Nunes, L., & Thomas, K. L. (1997). Termites as mediators of carbon fluxes in tropical forest: budgets for carbon dioxide and methane emissions. Forests and insects, 109-134."
142,Microcerotermes parvus,"Mayombe, Congo",-4.158,12.04,Amitermitinae,Wood feeder,"Bignell, D. E., Eggleton, P., Nunes, L., & Thomas, K. L. (1997). Termites as mediators of carbon fluxes in tropical forest: budgets for carbon dioxide and methane emissions. Forests and insects, 109-134."
143,Apilitermes longiceps,"Mayombe, Congo",-4.158,12.04,Cubitermitinae,Soil feeder,"Bignell, D. E., Eggleton, P., Nunes, L., & Thomas, K. L. (1997). Termites as mediators of carbon fluxes in tropical forest: budgets for carbon dioxide and methane emissions. Forests and insects, 109-134."
144,Ophiotermes grandilabius,"Mayombe, Congo",-4.158,12.04,Cubitermitinae,Soil feeder,"Bignell, D. E., Eggleton, P., Nunes, L., & Thomas, K. L. (1997). Termites as mediators of carbon fluxes in tropical forest: budgets for carbon dioxide and methane emissions. Forests and insects, 109-134."
145,Pericapritermes amplignathus,"Mayombe, Congo",-4.158,12.04,Mirocapritermitinae,Soil feeder,"Bignell, D. E., Eggleton, P., Nunes, L., & Thomas, K. L. (1997). Termites as mediators of carbon fluxes in tropical forest: budgets for carbon dioxide and methane emissions. Forests and insects, 109-134."
146,Procubitermes arboricola,"Mayombe, Congo",-4.158,12.04,Cubitermitinae,Soil feeder,"Bignell, D. E., Eggleton, P., Nunes, L., & Thomas, K. L. (1997). Termites as mediators of carbon fluxes in tropical forest: budgets for carbon dioxide and methane emissions. Forests and insects, 109-134."
147,Termes hospes,"Mayombe, Congo",-4.158,12.04,Termitinae,Wood/soil feeder,"Bignell, D. E., Eggleton, P., Nunes, L., & Thomas, K. L. (1997). Termites as mediators of carbon fluxes in tropical forest: budgets for carbon dioxide and methane emissions. Forests and insects, 109-134."
148,Thoracotermes macrothorax,"Mayombe, Congo",-4.158,12.04,Cubitermitinae,Soil feeder,"Bignell, D. E., Eggleton, P., Nunes, L., & Thomas, K. L. (1997). Termites as mediators of carbon fluxes in tropical forest: budgets for carbon dioxide and methane emissions. Forests and insects, 109-134."
149,Nasutitermes latifrons,"Mayombe, Congo",-4.158,12.04,Nasutitermitinae,Wood feeder,"Bignell, D. E., Eggleton, P., Nunes, L., & Thomas, K. L. (1997). Termites as mediators of carbon fluxes in tropical forest: budgets for carbon dioxide and methane emissions. Forests and insects, 109-134."
150,Amalotermes phaecocephalus,"Mayombe, Congo",-4.158,12.04,Apicotermitinae,Wood/soil feeder,"Bignell, D. E., Eggleton, P., Nunes, L., & Thomas, K. L. (1997). Termites as mediators of carbon fluxes in tropical forest: budgets for carbon dioxide and methane emissions. Forests and insects, 109-134."
151,Astalotermes altruisticus,"Mayombe, Congo",-4.158,12.04,Apicotermitinae,Wood/soil feeder,"Bignell, D. E., Eggleton, P., Nunes, L., & Thomas, K. L. (1997). Termites as mediators of carbon fluxes in tropical forest: budgets for carbon dioxide and methane emissions. Forests and insects, 109-134."
152,Astalotermes quietus,"Mayombe, Congo",-4.158,12.04,Apicotermitinae,Wood/soil feeder,"Bignell, D. E., Eggleton, P., Nunes, L., & Thomas, K. L. (1997). Termites as mediators of carbon fluxes in tropical forest: budgets for carbon dioxide and methane emissions. Forests and insects, 109-134."
153,Coxotermes bukokoensis,"Mayombe, Congo",-4.158,12.04,Apicotermitinae,Soil feeder,"Bignell, D. E., Eggleton, P., Nunes, L., & Thomas, K. L. (1997). Termites as mediators of carbon fluxes in tropical forest: budgets for carbon dioxide and methane emissions. Forests and insects, 109-134."
154,Jugositermes tuberculatus,"Mayombe, Congo",-4.158,12.04,Apicotermitinae,Soil feeder,"Bignell, D. E., Eggleton, P., Nunes, L., & Thomas, K. L. (1997). Termites as mediators of carbon fluxes in tropical forest: budgets for carbon dioxide and methane emissions. Forests and insects, 109-134."
155,Labidotermes sp. ,"Mayombe, Congo",-4.158,12.04,Apicotermitinae,Soil feeder,"Bignell, D. E., Eggleton, P., Nunes, L., & Thomas, K. L. (1997). Termites as mediators of carbon fluxes in tropical forest: budgets for carbon dioxide and methane emissions. Forests and insects, 109-134."
156,Labidotermes sp. ,"Mayombe, Congo",-4.158,12.04,Apicotermitinae,Soil feeder,"Bignell, D. E., Eggleton, P., Nunes, L., & Thomas, K. L. (1997). Termites as mediators of carbon fluxes in tropical forest: budgets for carbon dioxide and methane emissions. Forests and insects, 109-134."
157,Crenetermes albotarsalis,"Mayombe, Congo",-4.158,12.04,Cubitermitinae,Soil feeder,"Bignell, D. E., Eggleton, P., Nunes, L., & Thomas, K. L. (1997). Termites as mediators of carbon fluxes in tropical forest: budgets for carbon dioxide and methane emissions. Forests and insects, 109-134."
158,Cubitermes fungifaber ,"Mayombe, Congo",-4.158,12.04,Cubitermitinae,Soil feeder,"Bignell, D. E., Eggleton, P., Nunes, L., & Thomas, K. L. (1997). Termites as mediators of carbon fluxes in tropical forest: budgets for carbon dioxide and methane emissions. Forests and insects, 109-134."
159,Coptotermes formosanus,"Florida, USA",26.156,-80.488,Heterotermitinae,Wood feeder,"Wheeler, G. S., Tokoro, M., Scheffrahn, R. H., & Su, N. Y. (1996). Comparative respiration and methane production rates in Nearctic termites. Journal of Insect Physiology, 42(8), 799-806."
160,Neotermes joutefi ,"Florida, USA",26.156,-80.488,Kalotermitinae,Wood feeder,"Wheeler, G. S., Tokoro, M., Scheffrahn, R. H., & Su, N. Y. (1996). Comparative respiration and methane production rates in Nearctic termites. Journal of Insect Physiology, 42(8), 799-806."
161,Amitermes floridensis,"Florida, USA",27.892,-82.725,Amitermitinae,Wood feeder,"Wheeler, G. S., Tokoro, M., Scheffrahn, R. H., & Su, N. Y. (1996). Comparative respiration and methane production rates in Nearctic termites. Journal of Insect Physiology, 42(8), 799-806."
162,Neotermes castaneus,"Florida, USA",26.156,-80.488,Kalotermitinae,Wood feeder,"Wheeler, G. S., Tokoro, M., Scheffrahn, R. H., & Su, N. Y. (1996). Comparative respiration and methane production rates in Nearctic termites. Journal of Insect Physiology, 42(8), 799-806."
163,Reticulitermes flavipes ,"Florida, USA",26.156,-80.488,Heterotermitinae,Wood feeder,"Wheeler, G. S., Tokoro, M., Scheffrahn, R. H., & Su, N. Y. (1996). Comparative respiration and methane production rates in Nearctic termites. Journal of Insect Physiology, 42(8), 799-806."
164,Zootermopsis angusticollis,"California, USA",32.825,-117.109,Archotermopsinae,Wood feeder,"Wheeler, G. S., Tokoro, M., Scheffrahn, R. H., & Su, N. Y. (1996). Comparative respiration and methane production rates in Nearctic termites. Journal of Insect Physiology, 42(8), 799-806."
165,Prorhinotermes simplex,"Florida, USA",26.156,-80.488,Rhinotermitinae,Wood feeder,"Wheeler, G. S., Tokoro, M., Scheffrahn, R. H., & Su, N. Y. (1996). Comparative respiration and methane production rates in Nearctic termites. Journal of Insect Physiology, 42(8), 799-806."
166,Incisitermes minor,"California, USA",33.753,-116.056,Kalotermitinae,Wood feeder,"Wheeler, G. S., Tokoro, M., Scheffrahn, R. H., & Su, N. Y. (1996). Comparative respiration and methane production rates in Nearctic termites. Journal of Insect Physiology, 42(8), 799-806."
167,Incisitermes fruticavus,"California, USA",33.753,-116.056,Kalotermitinae,Wood feeder,"Wheeler, G. S., Tokoro, M., Scheffrahn, R. H., & Su, N. Y. (1996). Comparative respiration and methane production rates in Nearctic termites. Journal of Insect Physiology, 42(8), 799-806."
168,Incisitermes schwarzi,"Florida, USA",26.156,-80.448,Kalotermitinae,Wood feeder,"Wheeler, G. S., Tokoro, M., Scheffrahn, R. H., & Su, N. Y. (1996). Comparative respiration and methane production rates in Nearctic termites. Journal of Insect Physiology, 42(8), 799-806."
169,Incisitermes synderi,"Florida, USA",26.156,-80.488,Kalotermitinae,Wood feeder,"Wheeler, G. S., Tokoro, M., Scheffrahn, R. H., & Su, N. Y. (1996). Comparative respiration and methane production rates in Nearctic termites. Journal of Insect Physiology, 42(8), 799-806."
170,Cryptotermes cavifrons,"Florida, USA",26.156,-80.488,Kalotermitinae,Wood feeder,"Wheeler, G. S., Tokoro, M., Scheffrahn, R. H., & Su, N. Y. (1996). Comparative respiration and methane production rates in Nearctic termites. Journal of Insect Physiology, 42(8), 799-806."
171,Kalotermes approximatus,"Florida, USA",39.126,-122.717,Kalotermitinae,Wood feeder,"Wheeler, G. S., Tokoro, M., Scheffrahn, R. H., & Su, N. Y. (1996). Comparative respiration and methane production rates in Nearctic termites. Journal of Insect Physiology, 42(8), 799-806."
172,Macrotermes subhyalinus,Ivory Coast,7.467,-5.548,Macrotermitinae,Fungus grower,"Anklin-Mühlemann, R., Bignell, D. E., Veivers, P. C., Leuthold, R. H., & Slaytor, M. (1995). Morphological, microbiological and biochemical studies of the gut flora in the fungus-growing termite Macrotermes subhyalinus. Journal of Insect physiology, 41(11), 929-940."
173,Macrotermes subhyalinus,Ivory Coast,7.467,-5.548,Macrotermitinae,Fungus grower,"Anklin-Mühlemann, R., Bignell, D. E., Veivers, P. C., Leuthold, R. H., & Slaytor, M. (1995). Morphological, microbiological and biochemical studies of the gut flora in the fungus-growing termite Macrotermes subhyalinus. Journal of Insect physiology, 41(11), 929-940."
174,Macrotermes subhyalinus,Ivory Coast,7.467,-5.548,Macrotermitinae,Fungus grower,"Anklin-Mühlemann, R., Bignell, D. E., Veivers, P. C., Leuthold, R. H., & Slaytor, M. (1995). Morphological, microbiological and biochemical studies of the gut flora in the fungus-growing termite Macrotermes subhyalinus. Journal of Insect physiology, 41(11), 929-940."
175,Macrotermes subhyalinus,Ivory Coast,7.467,-5.548,Macrotermitinae,Fungus grower,"Anklin-Mühlemann, R., Bignell, D. E., Veivers, P. C., Leuthold, R. H., & Slaytor, M. (1995). Morphological, microbiological and biochemical studies of the gut flora in the fungus-growing termite Macrotermes subhyalinus. Journal of Insect physiology, 41(11), 929-940."
176,Nasutitermes walkeri,"Sydney, Australia",-33.848,150.932,Nasutitermitinae,Wood feeder,"Williams, C. M., Veivers, P. C., Slaytor, M., & Cleland, S. V. (1994). Atmospheric carbon dioxide and acetogenesis in the termite Nasutitermes walkeri (Hill). Comparative Biochemistry and Physiology Part A: Physiology, 107(1), 113-118."
177,Microcerotermes parvus,"Mayombe, Congo",-4.158,12.04,Amitermitinae,Wood feeder,"Rouland, C., Brauman, A., Labat, M., & Lepage, M. (1993). Nutritional factors affecting methane emission from termites. Chemosphere, 26(1-4), 617-622."
178,Nasutitermes lujae,"Mayombe, Congo",-4.158,12.04,Nasutitermitinae,Wood feeder,"Rouland, C., Brauman, A., Labat, M., & Lepage, M. (1993). Nutritional factors affecting methane emission from termites. Chemosphere, 26(1-4), 617-622."
179,Nasutitermes arborum,"Mayombe, Congo",-4.158,12.04,Nasutitermitinae,Wood feeder,"Rouland, C., Brauman, A., Labat, M., & Lepage, M. (1993). Nutritional factors affecting methane emission from termites. Chemosphere, 26(1-4), 617-622."
180,Trinervitermes rhodesiensis,"Niari, Congo",-3.364,12.564,Nasutitermitinae,Grass feeder,"Rouland, C., Brauman, A., Labat, M., & Lepage, M. (1993). Nutritional factors affecting methane emission from termites. Chemosphere, 26(1-4), 617-622."
181,Pseudacanthotermes militaris ,"Niari, Congo",-3.364,12.564,Macrotermitinae,Fungus grower,"Rouland, C., Brauman, A., Labat, M., & Lepage, M. (1993). Nutritional factors affecting methane emission from termites. Chemosphere, 26(1-4), 617-622."
182,Pseudacanthotermes spiniger ,"Niari, Congo",-3.364,12.564,Macrotermitinae,Fungus grower,"Rouland, C., Brauman, A., Labat, M., & Lepage, M. (1993). Nutritional factors affecting methane emission from termites. Chemosphere, 26(1-4), 617-622."
183,Macrotermes mulleri ,"Mayombe, Congo",4.158,12.04,Macrotermitinae,Fungus grower,"Rouland, C., Brauman, A., Labat, M., & Lepage, M. (1993). Nutritional factors affecting methane emission from termites. Chemosphere, 26(1-4), 617-622."
184,Macrotermes bellicosus,"Niari, Congo",-3.364,12.564,Macrotermitinae,Fungus grower,"Rouland, C., Brauman, A., Labat, M., & Lepage, M. (1993). Nutritional factors affecting methane emission from termites. Chemosphere, 26(1-4), 617-622."
185,Macrotermes nobilis ,"Mayombe, Congo",-4.158,12.04,Macrotermitinae,Fungus grower,"Rouland, C., Brauman, A., Labat, M., & Lepage, M. (1993). Nutritional factors affecting methane emission from termites. Chemosphere, 26(1-4), 617-622."
186,Microtermes sp.,"Mayombe, Congo",-4.158,12.04,Macrotermitinae,Fungus grower,"Rouland, C., Brauman, A., Labat, M., & Lepage, M. (1993). Nutritional factors affecting methane emission from termites. Chemosphere, 26(1-4), 617-622."
187,Noditermes sp.,"Mayombe, Congo",-4.158,12.04,Cubitermitinae,Soil feeder,"Rouland, C., Brauman, A., Labat, M., & Lepage, M. (1993). Nutritional factors affecting methane emission from termites. Chemosphere, 26(1-4), 617-622."
188,Crenetermes albotarsalis,"Mayombe, Congo",-4.158,12.04,Cubitermitinae,Soil feeder,"Rouland, C., Brauman, A., Labat, M., & Lepage, M. (1993). Nutritional factors affecting methane emission from termites. Chemosphere, 26(1-4), 617-622."
189,Cubitermes speciosus,"Mayombe, Congo",-4.158,12.04,Cubitermitinae,Soil feeder,"Rouland, C., Brauman, A., Labat, M., & Lepage, M. (1993). Nutritional factors affecting methane emission from termites. Chemosphere, 26(1-4), 617-622."
190,Thoracotermes macrothorax,"Mayombe, Congo",-4.158,12.04,Cubitermitinae,Soil feeder,"Rouland, C., Brauman, A., Labat, M., & Lepage, M. (1993). Nutritional factors affecting methane emission from termites. Chemosphere, 26(1-4), 617-622."
191,Astratotermes sp.,"Mayombe, Congo",-4.158,12.04,Apicotermitinae,Soil feeder,"Rouland, C., Brauman, A., Labat, M., & Lepage, M. (1993). Nutritional factors affecting methane emission from termites. Chemosphere, 26(1-4), 617-622."
192,Nasutitermes macrocephalus,Brazil,,,Nasutitermitinae,Wood feeder,"Martius, C., Waßmann, R., Thein, U., Bandeira, A., Rennenberg, H., Junk, W., & Seiler, W. (1993). Methane emission from wood-feeding termites in Amazonia. Chemosphere, 26(1-4), 623-632."
193,Nasutitermes corniger,Brazil,,,Nasutitermitinae,Wood feeder,"Martius, C., Waßmann, R., Thein, U., Bandeira, A., Rennenberg, H., Junk, W., & Seiler, W. (1993). Methane emission from wood-feeding termites in Amazonia. Chemosphere, 26(1-4), 623-632."
194,Nasutitermes surinamensis,Brazil,,,Nasutitermitinae,Wood feeder,"Martius, C., Waßmann, R., Thein, U., Bandeira, A., Rennenberg, H., Junk, W., & Seiler, W. (1993). Methane emission from wood-feeding termites in Amazonia. Chemosphere, 26(1-4), 623-632."
195,Nasutitermes surinamensis,Brazil,,,Nasutitermitinae,Wood feeder,"Martius, C., Waßmann, R., Thein, U., Bandeira, A., Rennenberg, H., Junk, W., & Seiler, W. (1993). Methane emission from wood-feeding termites in Amazonia. Chemosphere, 26(1-4), 623-632."
196,Nasutitermes sp.,Brazil,,,Nasutitermitinae,Wood feeder,"Martius, C., Waßmann, R., Thein, U., Bandeira, A., Rennenberg, H., Junk, W., & Seiler, W. (1993). Methane emission from wood-feeding termites in Amazonia. Chemosphere, 26(1-4), 623-632."
197,Nasutitermes sp.,Brazil,,,Nasutitermitinae,Wood feeder,"Martius, C., Waßmann, R., Thein, U., Bandeira, A., Rennenberg, H., Junk, W., & Seiler, W. (1993). Methane emission from wood-feeding termites in Amazonia. Chemosphere, 26(1-4), 623-632."
198,Nasutitermes ephratae,Brazil,,,Nasutitermitinae,Wood feeder,"Martius, C., Waßmann, R., Thein, U., Bandeira, A., Rennenberg, H., Junk, W., & Seiler, W. (1993). Methane emission from wood-feeding termites in Amazonia. Chemosphere, 26(1-4), 623-632."
199,Nasutitermes ephratae,Brazil,,,Nasutitermitinae,Wood feeder,"Martius, C., Waßmann, R., Thein, U., Bandeira, A., Rennenberg, H., Junk, W., & Seiler, W. (1993). Methane emission from wood-feeding termites in Amazonia. Chemosphere, 26(1-4), 623-632."
200,Coptotermes formosanus,NA,,,Heterotermitinae,Wood feeder,"Brauman, A., Kane, M. D., Labat, M., & Breznak, J. A. (1992). Genesis of acetate and methane by gut bacteria of nutritionally diverse termites. Science, 257(5075), 1384-1387."
201,Cryptotermes cavifrons,NA,,,Kalotermitinae,Wood feeder,"Brauman, A., Kane, M. D., Labat, M., & Breznak, J. A. (1992). Genesis of acetate and methane by gut bacteria of nutritionally diverse termites. Science, 257(5075), 1384-1387."
202,Prorhinotermes simplex,NA,,,Rhinotermitinae,Wood feeder,"Brauman, A., Kane, M. D., Labat, M., & Breznak, J. A. (1992). Genesis of acetate and methane by gut bacteria of nutritionally diverse termites. Science, 257(5075), 1384-1387."
203,Pterotermes occidentis,NA,,,Kalotermitinae,Wood feeder,"Brauman, A., Kane, M. D., Labat, M., & Breznak, J. A. (1992). Genesis of acetate and methane by gut bacteria of nutritionally diverse termites. Science, 257(5075), 1384-1387."
204,Reticulitermes flavipes,NA,,,Heterotermitinae,Wood feeder,"Brauman, A., Kane, M. D., Labat, M., & Breznak, J. A. (1992). Genesis of acetate and methane by gut bacteria of nutritionally diverse termites. Science, 257(5075), 1384-1387."
205,Zootermopsis angusticollis,NA,,,Archotermopsinae,Wood feeder,"Brauman, A., Kane, M. D., Labat, M., & Breznak, J. A. (1992). Genesis of acetate and methane by gut bacteria of nutritionally diverse termites. Science, 257(5075), 1384-1387."
206,Amitermes sp.,NA,,,Amitermitinae,Wood feeder,"Brauman, A., Kane, M. D., Labat, M., & Breznak, J. A. (1992). Genesis of acetate and methane by gut bacteria of nutritionally diverse termites. Science, 257(5075), 1384-1387."
207,Gnathamitermes perplexus,NA,,,Amitermitinae,Wood feeder,"Brauman, A., Kane, M. D., Labat, M., & Breznak, J. A. (1992). Genesis of acetate and methane by gut bacteria of nutritionally diverse termites. Science, 257(5075), 1384-1387."
208,Microcerotermes parvus,NA,,,Amitermitinae,Wood feeder,"Brauman, A., Kane, M. D., Labat, M., & Breznak, J. A. (1992). Genesis of acetate and methane by gut bacteria of nutritionally diverse termites. Science, 257(5075), 1384-1387."
209,Nasutitermes arborum,NA,,,Nasutitermitinae,Wood feeder,"Brauman, A., Kane, M. D., Labat, M., & Breznak, J. A. (1992). Genesis of acetate and methane by gut bacteria of nutritionally diverse termites. Science, 257(5075), 1384-1387."
210,Nasutitermes costalis,NA,,,Nasutitermitinae,Wood feeder,"Brauman, A., Kane, M. D., Labat, M., & Breznak, J. A. (1992). Genesis of acetate and methane by gut bacteria of nutritionally diverse termites. Science, 257(5075), 1384-1387."
211,Nasutitermes lujae,NA,,,Nasutitermitinae,Wood feeder,"Brauman, A., Kane, M. D., Labat, M., & Breznak, J. A. (1992). Genesis of acetate and methane by gut bacteria of nutritionally diverse termites. Science, 257(5075), 1384-1387."
212,Nasutitermes nigriceps,NA,,,Nasutitermitinae,Wood feeder,"Brauman, A., Kane, M. D., Labat, M., & Breznak, J. A. (1992). Genesis of acetate and methane by gut bacteria of nutritionally diverse termites. Science, 257(5075), 1384-1387."
213,Tenuirostritermes tenuirostris,NA,,,Nasutitermitinae,Wood feeder,"Brauman, A., Kane, M. D., Labat, M., & Breznak, J. A. (1992). Genesis of acetate and methane by gut bacteria of nutritionally diverse termites. Science, 257(5075), 1384-1387."
214,Trinervitermes rhodesiensis,NA,,,Nasutitermitinae,Grass feeder,"Brauman, A., Kane, M. D., Labat, M., & Breznak, J. A. (1992). Genesis of acetate and methane by gut bacteria of nutritionally diverse termites. Science, 257(5075), 1384-1387."
215,Macrotermes mulleri,NA,,,Macrotermitinae,Fungus grower,"Brauman, A., Kane, M. D., Labat, M., & Breznak, J. A. (1992). Genesis of acetate and methane by gut bacteria of nutritionally diverse termites. Science, 257(5075), 1384-1387."
216,Pseudacanthotermes militaris,NA,,,Macrotermitinae,Fungus grower,"Brauman, A., Kane, M. D., Labat, M., & Breznak, J. A. (1992). Genesis of acetate and methane by gut bacteria of nutritionally diverse termites. Science, 257(5075), 1384-1387."
217,Pseudacanthotermes spiniger,NA,,,Macrotermitinae,Fungus grower,"Brauman, A., Kane, M. D., Labat, M., & Breznak, J. A. (1992). Genesis of acetate and methane by gut bacteria of nutritionally diverse termites. Science, 257(5075), 1384-1387."
218,Crenetermes albotarsalis,NA,,,Cubitermitinae,Soil feeder,"Brauman, A., Kane, M. D., Labat, M., & Breznak, J. A. (1992). Genesis of acetate and methane by gut bacteria of nutritionally diverse termites. Science, 257(5075), 1384-1387."
219,Cubitermes fungifaber,NA,,,Cubitermitinae,Soil feeder,"Brauman, A., Kane, M. D., Labat, M., & Breznak, J. A. (1992). Genesis of acetate and methane by gut bacteria of nutritionally diverse termites. Science, 257(5075), 1384-1387."
220,Cubitermes speciosus,NA,,,Cubitermitinae,Soil feeder,"Brauman, A., Kane, M. D., Labat, M., & Breznak, J. A. (1992). Genesis of acetate and methane by gut bacteria of nutritionally diverse termites. Science, 257(5075), 1384-1387."
221,Noditermes sp.,NA,,,Cubitermitinae,Soil feeder,"Brauman, A., Kane, M. D., Labat, M., & Breznak, J. A. (1992). Genesis of acetate and methane by gut bacteria of nutritionally diverse termites. Science, 257(5075), 1384-1387."
222,Procubitermes sp.,NA,,,Cubitermitinae,Soil feeder,"Brauman, A., Kane, M. D., Labat, M., & Breznak, J. A. (1992). Genesis of acetate and methane by gut bacteria of nutritionally diverse termites. Science, 257(5075), 1384-1387."
223,Thoracotermes macrothorax,NA,,,Cubitermitinae,Soil feeder,"Brauman, A., Kane, M. D., Labat, M., & Breznak, J. A. (1992). Genesis of acetate and methane by gut bacteria of nutritionally diverse termites. Science, 257(5075), 1384-1387."
224,Reticulitermes flavipes,"Michigan, USA",45.001,-86.261,Heterotermitinae,Wood feeder,"Breznak, J. A., & Kane, M. D. (1990). Microbial H2/CO2 acetogenesis in animal guts: nature and nutritional significance. FEMS microbiology reviews, 7(3-4), 309-313."
225,Coptotermes formosanus,NA,,,Heterotermitinae,Wood feeder,"Breznak, J. A., & Kane, M. D. (1990). Microbial H2/CO2 acetogenesis in animal guts: nature and nutritional significance. FEMS microbiology reviews, 7(3-4), 309-313."
226,Prorhinotermes simplex,"New York, USA",40.697,-73.98,Rhinotermitinae,Wood feeder,"Breznak, J. A., & Kane, M. D. (1990). Microbial H2/CO2 acetogenesis in animal guts: nature and nutritional significance. FEMS microbiology reviews, 7(3-4), 309-313."
227,Pterotermes occidentis,NA,,,Kalotermitinae,Wood feeder,"Breznak, J. A., & Kane, M. D. (1990). Microbial H2/CO2 acetogenesis in animal guts: nature and nutritional significance. FEMS microbiology reviews, 7(3-4), 309-313."
228,Zootermopsis angusticollis,"Massachusetts, USA",42.036,-71.684,Archotermopsinae,Wood feeder,"Breznak, J. A., & Kane, M. D. (1990). Microbial H2/CO2 acetogenesis in animal guts: nature and nutritional significance. FEMS microbiology reviews, 7(3-4), 309-313."
229,Amitermes sp.,NA,,,Amitermitinae,Wood feeder,"Breznak, J. A., & Kane, M. D. (1990). Microbial H2/CO2 acetogenesis in animal guts: nature and nutritional significance. FEMS microbiology reviews, 7(3-4), 309-313."
230,Gnathamitermes perplexus,NA,,,Amitermitinae,Wood feeder,"Breznak, J. A., & Kane, M. D. (1990). Microbial H2/CO2 acetogenesis in animal guts: nature and nutritional significance. FEMS microbiology reviews, 7(3-4), 309-313."
231,Nasutitermes costalis,"Massachusetts, USA",42.036,-71.684,Nasutitermitinae,Wood feeder,"Breznak, J. A., & Switzer, J. M. (1986). Acetate synthesis from H2 plus CO2 by termite gut microbes. Applied and Environmental Microbiology, 52(4), 623-630."
232,Nasutitermes nigriceps,"Massachusetts, USA",42.036,-71.684,Nasutitermitinae,Wood feeder,"Breznak, J. A., & Switzer, J. M. (1986). Acetate synthesis from H2 plus CO2 by termite gut microbes. Applied and Environmental Microbiology, 52(4), 623-630."
233,Tenuirostritermes tenuirostris,NA,,,Nasutitermitinae,Wood feeder,"Breznak, J. A., & Switzer, J. M. (1986). Acetate synthesis from H2 plus CO2 by termite gut microbes. Applied and Environmental Microbiology, 52(4), 623-630."
234,Zootermopsis angusticollis,"California, USA",36.587,-121.947,Archotermopsinae,Wood feeder,"Messer, A. C., & Lee, M. J. (1989). Effect of chemical treatments on methane emission by the hindgut microbiota in the termiteZootermopsis angusticollis. Microbial ecology, 18(3), 275-284."
235,Mastotermes darwiniensis,"Darwin, Australia",-12.5,131,Mastotermitinae,Wood feeder,"Fraser, P. J., Rasmussen, R. A., Creffield, J. W., French, J. R., & Khalil, M. A. K. (1986). Termites and global methaneAnother assessment. Journal of Atmospheric Chemistry, 4(3), 295-310."
236,Nasutitermes exitiosus,"Australia, Victoria",-37.5,145,Nasutitermitinae,Wood feeder,"Fraser, P. J., Rasmussen, R. A., Creffield, J. W., French, J. R., & Khalil, M. A. K. (1986). Termites and global methaneAnother assessment. Journal of Atmospheric Chemistry, 4(3), 295-310."
237,Coptotermes acinaciformis,"Darwin, Australia",-12.5,131,Heterotermitinae,Wood feeder,"Fraser, P. J., Rasmussen, R. A., Creffield, J. W., French, J. R., & Khalil, M. A. K. (1986). Termites and global methaneAnother assessment. Journal of Atmospheric Chemistry, 4(3), 295-310."
238,Coptotermes lacteus,"Australia, Canberra",-35,149,Heterotermitinae,Wood feeder,"Fraser, P. J., Rasmussen, R. A., Creffield, J. W., French, J. R., & Khalil, M. A. K. (1986). Termites and global methaneAnother assessment. Journal of Atmospheric Chemistry, 4(3), 295-310."
239,Zootermopsis nevadensis,USA,,,Archotermopsinae,Wood feeder,"Fraser, P. J., Rasmussen, R. A., Creffield, J. W., French, J. R., & Khalil, M. A. K. (1986). Termites and global methaneAnother assessment. Journal of Atmospheric Chemistry, 4(3), 295-310."
240,Zootermopsis angusticollis,"USA, Oregon",45.5,-123,Archotermopsinae,Wood feeder,"Fraser, P. J., Rasmussen, R. A., Creffield, J. W., French, J. R., & Khalil, M. A. K. (1986). Termites and global methaneAnother assessment. Journal of Atmospheric Chemistry, 4(3), 295-310."
241,Reticulitermes tibialis,USA,,,Heterotermitinae,Wood feeder,"Fraser, P. J., Rasmussen, R. A., Creffield, J. W., French, J. R., & Khalil, M. A. K. (1986). Termites and global methaneAnother assessment. Journal of Atmospheric Chemistry, 4(3), 295-310."
242,Gnathamitermes perplexus,USA,,,Amitermitinae,Wood feeder,"Fraser, P. J., Rasmussen, R. A., Creffield, J. W., French, J. R., & Khalil, M. A. K. (1986). Termites and global methaneAnother assessment. Journal of Atmospheric Chemistry, 4(3), 295-310."
243,Reticulitermes flavipes,USA,,,Heterotermitinae,Wood feeder,"Fraser, P. J., Rasmussen, R. A., Creffield, J. W., French, J. R., & Khalil, M. A. K. (1986). Termites and global methaneAnother assessment. Journal of Atmospheric Chemistry, 4(3), 295-310."
244,Coptotermes formosanus,"USA, Hawaii",20.5,-156,Heterotermitinae,Wood feeder,"Fraser, P. J., Rasmussen, R. A., Creffield, J. W., French, J. R., & Khalil, M. A. K. (1986). Termites and global methaneAnother assessment. Journal of Atmospheric Chemistry, 4(3), 295-310."
245,Cryptotermes brevis,NA,,,Kalotermitinae,Wood feeder,"Fraser, P. J., Rasmussen, R. A., Creffield, J. W., French, J. R., & Khalil, M. A. K. (1986). Termites and global methaneAnother assessment. Journal of Atmospheric Chemistry, 4(3), 295-310."
247,Reticulitermes tibialis,NA,,,Heterotermitinae,Wood feeder,"Zimmerman, P. R., Greenberg, J. P., Wandiga, S. O., & Crutzen, P. J. (1982). Termites: a potentially large source of atmospheric methane, carbon dioxide, and molecular hydrogen. Science, 218(4572), 563-565."
248,Gnathamitermes perplexus,NA,,,Amitermitinae,Wood feeder,"Zimmerman, P. R., Greenberg, J. P., Wandiga, S. O., & Crutzen, P. J. (1982). Termites: a potentially large source of atmospheric methane, carbon dioxide, and molecular hydrogen. Science, 218(4572), 563-565."
249,Coptotermes formosanus,NA,,,Heterotermitinae,Wood feeder,"Breznak, J. A. (1975). Symbiotic relationships between termites and their intestinal microbiota."
250,Reticulitermes flavipes,NA,,,Heterotermitinae,Wood feeder,"Breznak, J. A. (1975). Symbiotic relationships between termites and their intestinal microbiota."
251,Cryptotermes brevis,NA,,,Kalotermitinae,Wood feeder,"Breznak, J. A. (1975). Symbiotic relationships between termites and their intestinal microbiota."
