ID,study,year,location,latitude,longitude,site,biome,vegetation ,family,sub_family,genus,species,food,method,nest_type,number_of_mounds,unit,scale,methane_emission,MEse,mound_density,mound_biomass_kg,mound_biomass_md,mound _SA,note,full_reference
29,"Brummer et al., 2009",2009,Burkina Faso,10.865,-3.073,Bontioli reserve,Tropical,savanna,Termitidae,Cubitermitinae,Cubitermes,Cubitermes fungifaber,soil,static manual chambers,epigeal,5,kg CH4-C ha-1 y-1,hectare,0.2,,36,,,7.2,mound SA estimated from mound size of 0.2m2 and multiplied by mound density,"Brummer, C., Papen, H., Wassmann, R. & Bruggemann, N. (2009) Fluxes of CH4 and CO2 from soil and termite mounds in south Sudanian savanna of Burkina Faso (West Africa). Global Biogeochemical Cycles. 23:BG1001, . https://doi.org/10.1029/2008GB003237"
72,"Seiler et al., 1984",1984,South Africa,-24.646,28.666,Nylsyvley Nature Reserve,Tropical,savanna,Archotermopsidae,Archotermopsinae,Hodotermes,Hodotermes sp.,wood,static box,subterranean,"2, 8",mg CH4 mound-1 h-1,nest,0.069,,,,,,table 1,"Seiler, W., Conrad, R. & Scharffe, D. (1984) Field studies of methane emission from termite nest into the atmosphere and measurements of methane uptake by topical soils. Journal of Atmospheric Chemistry, 1:171-186. https://doi.org/10.1007/BF00053841"
75,"Yatsko., A., unpublished",2023,Queensland Australia,-16.5746,144.9163,Pennyweight,Tropical,savanna,Rhinotermitidae,Heterotermitinae,Coptotermes,Coptotermes acinaciforms,wood,collar,epigeal,25,ug CH4 m-2 d-1,area,29937,4943,69,,,138,"mound density of 359 ha-1 taken from Clement 2021, 60% were occupied of which 68% Amitermes","Yatsko., A., unpublished"
54,"Khalil et al., 1990",1990,Victoria Australia,-38.018,146.473,Boola Boola state forest,Temperate,Forest,Rhinotermitidae,Heterotermitinae,Coptotermes,Coptotermes lacteus,wood,flux chamber,epigeal,15,ug CH4 mound-1 s-1,mound,0.04,,,,,,table  1,"Khalil. M., A., K., Rasmussen., R. A., French., J. R. J. & Holt., J., A. (1990) The influence of termites on atmospheric trace gases: CH4, CO2, CHCl3, N2O, CO, H2 and light hydrocarbons. Journal of geophysical research, 95:3619-3634, https://doi.org/10.1029/JD095iD04p03619"
26,"Jamali et al., 2011c",2011,Darwin Australia,-14,131.33,Douglas Daly,Tropical,savanna,Termitidae,Amitermitinae,Amitermes,Amitermes darwini,wood,static manual chambers,epigeal,4,ug CH4-C m-2 h-1,area,3570,,,,,,average across multiple measurements  Fig 5 and 6 using WebPlotDigitizer,"Jamali, H., Livesley, S. J., Dawes, T. Z., Cook, G. D., Hutley, L. B., & Arndt, S. K. (2011). Diurnal and seasonal variations in CH4 flux from termite mounds in tropical savannas of the Northern Territory, Australia. Agricultural and Forest Meteorology, 151(11), 1471-1479. https://doi.org/10.1016/j.agrformet.2010.06.010"
73,"Yatsko., A., unpublished",2023,Queensland Australia,-16.5746,144.9163,Pennyweight,Tropical,savanna,Termitidae,Amitermitinae,Amitermes,Amitermes laurensis,debris,collar,epigeal,14,ug CH4 m-2 d-1,area,"38,420",7887,146,,,146,"mound density of 359 ha-1 taken from Clement 2021, 60% were occupied of which 68% Amitermes","Yatsko., A., unpublished"
55,"Khalil et al., 1990",1990,Queensland Australia,-19.26,146.818,"Townsville, Queensland",Tropical,Rainforest,Termitidae,Amitermitinae,Amitermes,Amitermes laurensis,debris,flux chamber,epigeal,,ug CH4 mound-1 s-1,mound,0.3,,,,,,table 1,"Khalil. M., A., K., Rasmussen., R. A., French., J. R. J. & Holt., J., A. (1990) The influence of termites on atmospheric trace gases: CH4, CO2, CHCl3, N2O, CO, H2 and light hydrocarbons. Journal of geophysical research, 95:3619-3634. https://doi.org/10.1029/JD095iD04p03619"
14,"Jamali et al., 2013",2013,Darwin Australia,-12.31,131.07,HS-Wet,Tropical,ephemeral wetland,Termitidae,Amitermitinae,Amitermes,Amitermes meridionalis,wood,manual chambers ,epigeal,7,kg C02-e m-2 y-1,area,0.9,,,,,6.2,table 5,"Jamali, H., Livesley, S. J., Hutley, L. B., Fest, B., & Arndt, S. K. (2013). The relationships between termite mound CH4/CO2 emissions and internal concentration ratios are species specific. Biogeosciences, 10(4), 2229-2240. https://doi.org/10.5194/bg-10-2229-2013"
70,"Seiler et al., 1984",1984,South Africa,-24.646,28.666,Nylsyvley Nature Reserve,Tropical,savanna,Termitidae,Amitermitinae,Amitermes,Amitermes sp.,wood/soil,static box,epigeal,"2, 8",mg CH4 mound-1 h-1,mound,0.08,,,,,,table 1,"Seiler, W., Conrad, R. & Scharffe, D. (1984) Field studies of methane emission from termite nest into the atmosphere and measurements of methane uptake by topical soils. Journal of Atmospheric Chemistry, 1:171-186. https://doi.org/10.1007/BF00053840"
19,"Jamali et al., 2011a",2011,Darwin Australia,-12.494,130.136,Howard springs,Tropical,savanna,Termitidae,Amitermitinae,Microcerotermes,Microcerotermes nervosus,wood,static manual chambers,epigeal,16,kg CH4-C ha-1 y-1,hectare,0.03,,,,,2.1,,"Jamali, H., Livesley, S. J., Grover, S. P., Dawes, T. Z., Hutley, L. B., Cook, G. D., & Arndt, S. K. (2011). The importance of termites to the CH4 balance of a tropical savanna woodland of northern Australia. Ecosystems, 14(5), 698-709. https://doi.org/10.1007/S10021-04"
64,"Sugimoto et al., 1998",1998,Thailand,14.511,101.929,Sakaerat Environmental Research Station,Tropical,Dry evergreen forest,Termitidae,Amitermitinae,Globitermes,Globitermes sulphureus,wood,flux chamber,epigeal,1,umol CH4 mound-1 h-1,mound,1.79,,,,,,table 3,"Sugimoto, A. & Inoue, T. (1998) Methane oxidation by termites mounds estimated by the carbon isotopic composition of methane. Global biogeochemical cycles, 12: 595 - 605. https://doi.org/10.1029/98GB02266"
24,"Jamali et al., 2011c",2011,Darwin Australia,,,TERC / Howard Springs / Douglas Daly,Tropical,savanna,Termitidae,Amitermitinae,Microcerotermes,Microcerotermes nervosus,wood,static manual chambers,epigeal,25,ug CH4-C m-2 h-1,area,1719,,,,,,average across multiple measurements Fig 5 and 6 using WebPlotDigitizer,"Jamali, H., Livesley, S. J., Dawes, T. Z., Cook, G. D., Hutley, L. B., & Arndt, S. K. (2011). Diurnal and seasonal variations in CH4 flux from termite mounds in tropical savannas of the Northern Territory, Australia. Agricultural and Forest Meteorology, 151(11), 1471-1479. https://doi.org/10.1016/j.agrformet.2010.06.009"
23,"Jamali et al., 2011b",2011,Darwin Australia,-12.4,130.92,TERC,Tropical,savanna,Termitidae,Amitermitinae,Microcerotermes,Microcerotermes nervosus,wood,static manual chambers,epigeal,5,ug CH4-C m-2 h-1,area,1465,,,35,,," Fig 1, in, average across 3 months wet season, data taken using WebPlotDigitizer","Jamali, H., Livesley, S. J., Dawes, T. Z., Hutley, L. B., &  Arndt. S.K. (2011) Termite mound emissions of CH4 and CO2 are primarily determined by seasonal changes in termite biomass and behaviour. Oecologia 167: 525-534. https://doi.org/10.1007/s00442-011-1991-3"
22,"Jamali et al., 2011b",2011,Darwin Australia,-12.4,130.92,TERC,Tropical,savanna,Termitidae,Amitermitinae,Microcerotermes,Microcerotermes nervosus,wood,static manual chambers,epigeal,5,ug CH4-C m-2 h-1,area,417,,,3.6,,,"Fig 1, average across 3 months dry season, data taken using WebPlotDigitizer","Jamali, H., Livesley, S. J., Dawes, T. Z., Hutley, L. B., &  Arndt. S.K. (2011) Termite mound emissions of CH4 and CO2 are primarily determined by seasonal changes in termite biomass and behaviour. Oecologia 167: 525-534. https://doi.org/10.1007/s00442-011-1991-3"
17,"Jamali et al., 2011a",2011,Darwin Australia,-12.494,130.136,Howard springs,Tropical,savanna,Termitidae,Amitermitinae,Microcerotermes,Microcerotermes nervosus,wood,static manual chambers,epigeal,16,ug CH4-C m-2 h-1,area,2467,42,127,,,2.1,"table 2, average across 6 months wet season estimate","Jamali, H., Livesley, S. J., Grover, S. P., Dawes, T. Z., Hutley, L. B., Cook, G. D., & Arndt, S. K. (2011). The importance of termites to the CH4 balance of a tropical savanna woodland of northern Australia. Ecosystems, 14(5), 698-709. https://doi.org/10.1007/S10021-02"
15,"Jamali et al., 2011a",2011,Darwin Australia,-12.494,130.136,Howard springs,Tropical,savanna,Termitidae,Amitermitinae,Microcerotermes,Microcerotermes nervosus,wood,static manual chambers,epigeal,16,ug CH4-C m-2 h-1,area,559,56,127,,,2.1,"table 2, average across 6 months dry season estimate","Jamali, H., Livesley, S. J., Grover, S. P., Dawes, T. Z., Hutley, L. B., Cook, G. D., & Arndt, S. K. (2011). The importance of termites to the CH4 balance of a tropical savanna woodland of northern Australia. Ecosystems, 14(5), 698-709. https://doi.org/10.1007/S10021-01"
11,"Jamali et al., 2013",2013,Darwin Australia,-12.24,130.55,TERC,Tropical,savanna,Termitidae,Amitermitinae,Microcerotermes,Microcerotermes nervosus,wood,manual chambers ,epigeal,5,kg C02-e m-2 y-1,area,0.3,,,,,3.86,table 5,"Jamali, H., Livesley, S. J., Hutley, L. B., Fest, B., & Arndt, S. K. (2013). The relationships between termite mound CH4/CO2 emissions and internal concentration ratios are species specific. Biogeosciences, 10(4), 2229-2240. https://doi.org/10.5194/bg-10-2229-2013"
4,Nauer et al. 2018,2018,Darwin Australia,-12.37,130.867,Unknown,Tropical,coastal savanna woodland,Termitidae,Amitermitinae,Microcerotermes,Microcerotermes nervosus,wood,static chambers o-IMOX,epigeal,3,ug kg-1mound h-1,mound,9.41,,,24,,,Average across measurements visible on Fig 4 using WebPlotDigitizer,"Nauer, P. A., Hutley L. B., & Arndt, S. K. (2018). Termite mounds mitigate half of termite methane emissions. PNAS, 115(52), 13306-13311.  https://doi.org/10.1073/pnas.1809790115"
1,Nauer et al. 2018,2018,Darwin Australia,-12.37,130.867,Unknown,Tropical,coastal savanna woodland,Termitidae,Amitermitinae,Microcerotermes,Microcerotermes nervosus,wood,static chambers GPPT,epigeal,10,ug kg-1mound h-1,mound,11.55,,,24,,,Average across measurements visible on Fig 4 using WebPlotDigitizer,"Nauer, P. A., Hutley L. B., & Arndt, S. K. (2018). Termite mounds mitigate half of termite methane emissions. PNAS, 115(52), 13306-13311.  https://doi.org/10.1073/pnas.1809790115 "
27,"Jamali et al., 2011c",2011,Darwin Australia,-12.4,130.92,TERC,Tropical,savanna,Termitidae,Amitermitinae,Microcerotermes,Microcerotermes serratus,wood,static manual chambers,epigeal,4,ug CH4-C m-2 h-1,area,4009,,,,,,average across multiple measurements  Fig 5 and 6 WebPlotDigitizer,"Jamali, H., Livesley, S. J., Dawes, T. Z., Cook, G. D., Hutley, L. B., & Arndt, S. K. (2011). Diurnal and seasonal variations in CH4 flux from termite mounds in tropical savannas of the Northern Territory, Australia. Agricultural and Forest Meteorology, 151(11), 1471-1479. https://doi.org/10.1016/j.agrformet.2010.06.011"
63,"Sugimoto et al., 1998",1998,Thailand,14.511,101.929,Sakaerat Environmental Research Station,Tropical,Dry evergreen forest,Termitidae,Amitermitinae,Microcerotermes,Microcerotermes sp.,wood,flux chamber,epigeal,2,umol CH4 mound-1 h-1,mound,1.585,0.285,,,,,table 3,"Sugimoto, A. & Inoue, T. (1998) Methane oxidation by termites mounds estimated by the carbon isotopic composition of methane. Global biogeochemical cycles, 12: 595 - 605. https://doi.org/10.1029/98GB02266"
39,"MacDonald et al., 1999",1999,Cameroon,3.517,11.5,Mbalmayo forest reserve,Tropical,Pre montane forest,Termitidae,Apicotermitinae,Astalotermes,Astalotermes quietus,wood/soil,static chamber,epigeal,1,ng CH4 mound-1 s-1,mound,212,,76,,,,"table 3, plots were 0.25ha mound density has been multiplied by 4, primary forest, ","MacDonald, J., A., Jeeva, D., Eggleton, P., Bignell.,D. E., Fowler, D., Lawton, J. & Maryati, M. (1999) The effect of termite biomass and anthropogenic distrubance on the CH4 budgets of tropical forests in Cameroon and Borneo. Global Change Biology 5: 869-879, https://doi.org/10.1046/j.1365-2486.1999.00279.x"
20,"Jamali et al., 2011a",2011,Darwin Australia,-12.494,130.136,Howard springs,Tropical,savanna,Termitidae,NA ,NA,"Microcerotermes serratus, Tumulitermes pastinator, Amitermes darwinii",NA,static manual chambers,epigeal,13,kg CH4-C ha-1 y-1,hectare,0.1,,,,,4.75,,"Jamali, H., Livesley, S. J., Grover, S. P., Dawes, T. Z., Hutley, L. B., Cook, G. D., & Arndt, S. K. (2011). The importance of termites to the CH4 balance of a tropical savanna woodland of northern Australia. Ecosystems, 14(5), 698-709. https://doi.org/10.1007/S10021-05"
80,"Jamali et al., 2011a",2011,Darwin Australia,-12.494,130.136,Howard springs,Tropical,savanna,Termitidae,,,"Microcerotermes nervosus, Microcerotermes serratus, Tumulitermes pastinator, Amitermes darwinii",wood/grass,static manual chambers,epigeal,,kg CH4-C ha-1 y-1,hectare,0.13,,,,,,,"Jamali, H., Livesley, S. J., Grover, S. P., Dawes, T. Z., Hutley, L. B., Cook, G. D., & Arndt, S. K. (2011). The importance of termites to the CH 4 balance of a tropical savanna woodland of northern Australia. Ecosystems, 14(5), 698-709. https://doi.org/10.1007/S10021-01"
34,"MacDonald et al., 1999",1999,Cameroon,3.517,11.5,Mbalmayo forest reserve,Tropical,Pre montane forest,Termitidae,Apicotermitinae,Astalotermes,Astalotermes quietus,wood/soil,static chamber,epigeal,1,ng CH4 mound-1 s-1,mound,143,,88,,,,"table 3, plots were 0.25ha mound density has been multiplied by 4, primary forest, ","MacDonald, J., A., Jeeva, D., Eggleton, P., Bignell.,D. E., Fowler, D., Lawton, J. & Maryati, M. (1999) The effect of termite biomass and anthropogenic distrubance on the CH4 budgets of tropical forests in Cameroon and Borneo. Global Change Biology 5: 869-879. https://doi.org/10.1046/j.1365-2486.1999.00279.x"
43,"MacDonald et al., 1999",1999,Cameroon,3.517,11.5,Mbalmayo forest reserve,Tropical,Pre montane forest,Termitidae,Apicotermitinae,Astalotermes,Astalotermes sp. ,wood/soil,static chamber,epigeal,1,ng CH4 mound-1 s-1,mound,81,,12,,,,"table 3, plots were 0.25ha mound density has been multiplied by 4, primary forest, ","MacDonald, J., A., Jeeva, D., Eggleton, P., Bignell.,D. E., Fowler, D., Lawton, J. & Maryati, M. (1999) The effect of termite biomass and anthropogenic distrubance on the CH4 budgets of tropical forests in Cameroon and Borneo. Global Change Biology 5: 869-879, https://doi.org/10.1046/j.1365-2486.1999.00279.x"
38,"MacDonald et al., 1999",1999,Cameroon,3.517,11.5,Mbalmayo forest reserve,Tropical,Pre montane forest,Termitidae,Apicotermitinae,Astalotermes,Astalotermes sp. ,wood/soil,static chamber,epigeal,1,ng CH4 mound-1 s-1,mound,125,,32,,,,"table 3, plots were 0.25ha mound density has been multiplied by 4, primary forest, ","MacDonald, J., A., Jeeva, D., Eggleton, P., Bignell.,D. E., Fowler, D., Lawton, J. & Maryati, M. (1999) The effect of termite biomass and anthropogenic distrubance on the CH4 budgets of tropical forests in Cameroon and Borneo. Global Change Biology 5: 869-879. https://doi.org/10.1046/j.1365-2486.1999.00279.x"
40,"MacDonald et al., 1999",1999,Cameroon,3.517,11.5,Mbalmayo forest reserve,Tropical,Pre montane forest,Termitidae,Cubitermitinae,Cubitermes,Cubitermes bulbifrons,soil,static chamber,epigeal,1,ng CH4 mound-1 s-1,mound,5478,,44,,,,"table 3, plots were 0.25ha mound density has been multiplied by 4, primary forest, ","MacDonald, J., A., Jeeva, D., Eggleton, P., Bignell.,D. E., Fowler, D., Lawton, J. & Maryati, M. (1999) The effect of termite biomass and anthropogenic distrubance on the CH4 budgets of tropical forests in Cameroon and Borneo. Global Change Biology 5: 869-879. https://doi.org/10.1046/j.1365-2486.1999.00279.x"
37,"MacDonald et al., 1999",1999,Cameroon,3.517,11.5,Mbalmayo forest reserve,Tropical,Pre montane forest,Termitidae,Cubitermitinae,Cubitermes,Cubitermes bulbifrons,soil,static chamber,epigeal,1,ng CH4 mound-1 s-1,mound,1808,,12,,,,"table 3, plots were 0.25ha mound density has been multiplied by 4, primary forest, ","MacDonald, J., A., Jeeva, D., Eggleton, P., Bignell.,D. E., Fowler, D., Lawton, J. & Maryati, M. (1999) The effect of termite biomass and anthropogenic distrubance on the CH4 budgets of tropical forests in Cameroon and Borneo. Global Change Biology 5: 869-879, https://doi.org/10.1046/j.1365-2486.1999.00279.x"
32,"MacDonald et al., 1998",1998,Cameroon,3.517,11.5,Mbalmayo forest reserve,Tropical,Pre montane forest,Termitidae,Cubitermitinae,Cubitermes,Cubitermes fungifaber,soil,static chamber,epigeal,1,ng CH4 mound-1 s-1,mound,53.4,,56,,,,table 3,"MacDonald, J., A., Eggleton, P., Bignell, D. E., Forzis, F., & Fowler, D. (1998) Methane emission by termites and oxidation by soils across a forest disturbance gradient in the Mbalmayo Forest Reserve, Cameroon. Global Change Biology 4: 409-418. https://doi.org/10.1046/j.1365-2486.1998.00163.x"
30,"MacDonald et al., 1998",1998,Cameroon,3.517,11.5,Mbalmayo forest reserve,Tropical,Pre montane forest,Termitidae,Cubitermitinae,Cubitermes,Cubitermes fungifaber,soil,static chamber,epigeal,1,ng CH4 m-2 s-1,area,427,,56,,,8.96,"table 2, estimated from mound size of 0.13 m2 and multiplied by mound density","MacDonald, J., A., Eggleton, P., Bignell, D. E., Forzis, F., & Fowler, D. (1998) Methane emission by termites and oxidation by soils across a forest disturbance gradient in the Mbalmayo Forest Reserve, Cameroon. Global Change Biology 4: 409-418. https://doi.org/10.1046/j.1365-2486.1998.00163.x"
28,"Brummer et al., 2009",2009,Burkina Faso,10.865,-3.073,Bontioli reserve,Tropical,savanna,Termitidae,Cubitermitinae,Cubitermes,Cubitermes fungifaber,soil,static manual chambers,epigeal,5,ug CH4-C m-2 h-1,area,3788,,36,,,7.2,"results 3.2, estimated from mound size of 0.2m2 and multiplied by mound density","Brummer, C., Papen, H., Wassmann, R. & Bruggemann, N. (2009) Fluxes of CH4 and CO2 from soil and termite mounds in south Sudanian savanna of Burkina Faso (West Africa). Global Biogeochemical Cycles. 23:BG1001, . https://doi.org/10.1029/2008GB003237"
41,"MacDonald et al., 1999",1999,Cameroon,3.517,11.5,Mbalmayo forest reserve,Tropical,Pre montane forest,Termitidae,Cubitermitinae,Cubitermes,Cubitermes gaigei,soil,static chamber,epigeal,1,ng CH4 mound-1 s-1,mound,1660,,12,,,,"table 3, plots were 0.25ha mound density has been multiplied by 4, primary forest, ","MacDonald, J., A., Jeeva, D., Eggleton, P., Bignell.,D. E., Fowler, D., Lawton, J. & Maryati, M. (1999) The effect of termite biomass and anthropogenic distrubance on the CH4 budgets of tropical forests in Cameroon and Borneo. Global Change Biology 5: 869-879, https://doi.org/10.1046/j.1365-2486.1999.00279.x"
71,"Seiler et al., 1984",1984,South Africa,-24.646,28.666,Nylsyvley Nature Reserve,Tropical,savanna,Termitidae,Cubitermitinae,Cubitermes,Cubitermes sp. ,soil,static box,epigeal,"2, 8",mg CH4 mound-1 h-1,mound,0.023,,,,,,table 1,"Seiler, W., Conrad, R. & Scharffe, D. (1984) Field studies of methane emission from termite nest into the atmosphere and measurements of methane uptake by topical soils. Journal of Atmospheric Chemistry, 1:171-186 . https://doi.org/10.1007/BF00053841"
79,"Jamali et al., 2013",2013,Darwin Australia,-12.31,131.07,HS-Wet,Tropical,ephemeral wetland,Termitidae,Amitermitinae,Amitermes,Amitermes meridionalis,wood,manual chambers ,epigeal,,kg CH4 ha-1 y-1,hectare,0.225,,,,,,"units given in paper kg C02-e ha-1 y-1, divided by 25 to get kg CH4","Jamali, H., Livesley, S. J., Hutley, L. B., Fest, B., & Arndt, S. K. (2013). The relationships between termite mound CH4/CO2 emissions and internal concentration ratios are species specific. Biogeosciences, 10(4), 2229-2240. https://doi.org/10.5194/bg-10-2229-2013"
42,"MacDonald et al., 1999",1999,Cameroon,3.517,11.5,Mbalmayo forest reserve,Tropical,Pre montane forest,Termitidae,Cubitermitinae,Procubitermes,Procubitermes arboricola,soil,static chamber,epigeal,1,ng CH4 mound-1 s-1,mound,168,,4,,,,"table 3, plots were 0.25ha mound density has been multiplied by 4, primary forest, ","MacDonald, J., A., Jeeva, D., Eggleton, P., Bignell.,D. E., Fowler, D., Lawton, J. & Maryati, M. (1999) The effect of termite biomass and anthropogenic distrubance on the CH4 budgets of tropical forests in Cameroon and Borneo. Global Change Biology 5: 869-879. https://doi.org/10.1046/j.1365-2486.1999.00279.x"
35,"MacDonald et al., 1999",1999,Cameroon,3.517,11.5,Mbalmayo forest reserve,Tropical,Pre montane forest,Termitidae,Cubitermitinae,Procubitermes,Procubitermes arboricola,soil,static chamber,epigeal,1,ng CH4 mound-1 s-1,mound,968,,40,,,,"table 3, plots were 0.25ha mound density has been multiplied by 4, primary forest, ","MacDonald, J., A., Jeeva, D., Eggleton, P., Bignell.,D. E., Fowler, D., Lawton, J. & Maryati, M. (1999) The effect of termite biomass and anthropogenic distrubance on the CH4 budgets of tropical forests in Cameroon and Borneo. Global Change Biology 5: 869-879, https://doi.org/10.1046/j.1365-2486.1999.00279.x"
33,"MacDonald et al., 1998",1998,Cameroon,3.517,11.5,Mbalmayo forest reserve,Tropical,Pre montane forest,Termitidae,Cubitermitinae,Thoracotermes,Thoracotermes macrothorax,soil,static chamber,epigeal,1,ng CH4 mound-1 s-1,mound,636,,72,,,,"table 3,  ","MacDonald, J., A., Eggleton, P., Bignell, D. E., Forzis, F., & Fowler, D. (1998) Methane emission by termites and oxidation by soils across a forest disturbance gradient in the Mbalmayo Forest Reserve, Cameroon. Global Change Biology 4: 409-418. https://doi.org/10.1046/j.1365-2486.1998.00163.x"
31,"MacDonald et al., 1998",1998,Cameroon,3.517,11.5,Mbalmayo forest reserve,Tropical,Pre montane forest,Termitidae,Cubitermitinae,Thoracotermes,Thoracotermes macrothorax,soil,static chamber,epigeal,1,ng CH4 m-2 s-1,area,5051,,72,,,9.36,"table 2, estimated from mound size of 0.13 m2 and multiplied by mound density","MacDonald, J., A., Eggleton, P., Bignell, D. E., Forzis, F., & Fowler, D. (1998) Methane emission by termites and oxidation by soils across a forest disturbance gradient in the Mbalmayo Forest Reserve, Cameroon. Global Change Biology 4: 409-418. https://doi.org/10.1046/j.1365-2486.1998.00163.x"
62,"Sugimoto et al., 1998",1998,Thailand,14.511,101.929,Sakaerat Environmental Research Station,Tropical,Dry evergreen forest,Termitidae,Macrotermitinae,Macrotermes,Macrotermes annandalei,fungus,flux chamber,epigeal,7,umol CH4 mound-1 h-1,mound,0.0051,0.06,,,,,"table 2, average from 7 mounds. 3-4 chambers placed over a single mound because mound is so large","Sugimoto, A. & Inoue, T. (1998) Methane oxidation by termites mounds estimated by the carbon isotopic composition of methane. Global biogeochemical cycles, 12: 595 - 605. https://doi.org/10.1029/98GB02266"
91,"Rasanen et al., 2023",2023,Kenya,-3.534,38.216,Taita Hills,Tropical,Bushland / Grassland,Termitidae,Macrotermitinae,Macrotermes,Macrotermes michaelseni,fungus,static box,epigeal,5,mg CH4-C m-2 h-1,area,1.19,0.478,,,,,"fig 4, data download, mean taken across habitats (grassland and bushland and in diff seasons) n = 8  measurements","Rasanen, M., Vesala, R., Ronnholm, P., Arppe, L., Manninen, P., Jylha, M., Rikkinen, J., Pellikka, P., & Rinne, J. (2023) Carbon dioxide and methane fluxes from mounds of African fungus-growing termites. Biogeosciences, 20: 4029-4042. doi: 10.5194/bg-20-4029-2023"
67,"Seiler et al., 1984",1984,South Africa, ,28.666,Nylsyvley Nature Reserve,Tropical,savanna,Termitidae,Macrotermitinae,Macrotermes,Macrotermes sp.,fungus,static box,epigeal,"2, 8",mg CH4 mound-1 h-1,mound,2.7,,,,,,table 1,"Seiler, W., Conrad, R. & Scharffe, D. (1984) Field studies of methane emission from termite nest into the atmosphere and measurements of methane uptake by topical soils. Journal of Atmospheric Chemistry, 1:171-186 . https://doi.org/10.1007/BF00053839"
90,"Rasanen et al., 2023",2023,Kenya,-3.534,38.216,Taita Hills,Tropical,Bushland / Grassland,Termitidae,Macrotermitinae,Macrotermes,Macrotermes subhyalinus,fungus,static box,epigeal,6,mg CH4-C m-2 h-1,area,0.45,0.106,,,,,"fig 4, data download, mean taken across habitats (grassland and bushland and in diff seasons) n = 10  measurements","Rasanen, M., Vesala, R., Ronnholm, P., Arppe, L., Manninen, P., Jylha, M., Rikkinen, J., Pellikka, P., & Rinne, J. (2023) Carbon dioxide and methane fluxes from mounds of African fungus-growing termites. Biogeosciences, 20: 4029-4042. doi: 10.5194/bg-20-4029-2023"
68,"Seiler et al., 1984",1984,South Africa,-24.646,28.666,Nylsyvley Nature Reserve,Tropical,savanna,Termitidae,Macrotermitinae,Odontotermes,Odontotermes sp. ,wood,static box,subterranean,"2, 8",mg CH4 mound-1 h-1,nest,0.07,,,,,,table 1,"Seiler, W., Conrad, R. & Scharffe, D. (1984) Field studies of methane emission from termite nest into the atmosphere and measurements of methane uptake by topical soils. Journal of Atmospheric Chemistry, 1:171-186. https://doi.org/10.1007/BF00053839"
66,"Sugimoto et al., 1998",1998,Thailand,14.511,101.929,Sakaerat Environmental Research Station,Tropical,Dry evergreen forest,Termitidae,Mirocapritermitinae,Dicuspiditermes,Dicuspiditermes sp.,wood/soil,flux chamber,epigeal,3,umol CH4 mound-1 h-1,mound,0.65,0.115,,,,,table 3,"Sugimoto, A. & Inoue, T. (1998) Methane oxidation by termites mounds estimated by the carbon isotopic composition of methane. Global biogeochemical cycles, 12: 595 - 605. https://doi.org/10.1029/98GB02266"
49,"MacDonald et al., 1999",1999,Sabah Malaysia,4.959,117.879,Ulu Segama reserve Danum valley,Tropical ,Rainforest old secondary,Termitidae,Mirocapritermitinae,Dicuspiditermes,Dicuspiditermes nemorosus,soil,static chamber,epigeal,4,ng CH4 mound-1 s-1,mound,69.15,,16,21.73,27.54,,"table 4, average taken from 4 mounds on 0.25 ha plot, mound denisty mulitplied by 4, old secondary forest","MacDonald, J., A., Jeeva, D., Eggleton, P., Bignell.,D. E., Fowler, D., Lawton, J. & Maryati, M. (1999) The effect of termite biomass and anthropogenic distrubance on the CH4 budgets of tropical forests in Cameroon and Borneo. Global Change Biology 5: 869-879, https://doi.org/10.1046/j.1365-2486.1999.00279.x"
46,"MacDonald et al., 1999",1999,Sabah Malaysia,4.959,117.879,Ulu Segama reserve Danum valley,Tropical ,Rainforest primary,Termitidae,Mirocapritermitinae,Dicuspiditermes,Dicuspiditermes nemorosus,soil,static chamber,epigeal,2,ng CH4 mound-1 s-1,mound,7.3,,8,9.13,47.8,,"table 4, average taken from 2 mounds on 0.25 ha plot, mound density mulitplied by 4 primary forest","MacDonald, J., A., Jeeva, D., Eggleton, P., Bignell.,D. E., Fowler, D., Lawton, J. & Maryati, M. (1999) The effect of termite biomass and anthropogenic distrubance on the CH4 budgets of tropical forests in Cameroon and Borneo. Global Change Biology 5: 869-879. https://doi.org/10.1046/j.1365-2486.1999.00279.x"
51,"MacDonald et al., 1999",1999,Sabah Malaysia,4.959,117.879,Ulu Segama reserve Danum valley,Tropical ,Rainforest young secondary,Termitidae,Mirocapritermitinae,Dicuspiditermes,Dicuspiditermes santschii,soil,static chamber,epigeal,4,ng CH4 mound-1 s-1,mound,58.5,,16,18.4,16.8,,"table 4, average taken 4 mounds on 0.25 ha plot, mound denisty multiplied by 4, young secondary forest","MacDonald, J., A., Jeeva, D., Eggleton, P., Bignell.,D. E., Fowler, D., Lawton, J. & Maryati, M. (1999) The effect of termite biomass and anthropogenic distrubance on the CH4 budgets of tropical forests in Cameroon and Borneo. Global Change Biology 5: 869-879, https://doi.org/10.1046/j.1365-2486.1999.00279.x"
48,"MacDonald et al., 1999",1999,Sabah Malaysia,4.959,117.879,Ulu Segama reserve Danum valley,Tropical ,Rainforest old secondary,Termitidae,Mirocapritermitinae,Dicuspiditermes,Dicuspiditermes santschii,soil,static chamber,epigeal,5,ng CH4 mound-1 s-1,mound,169.24,,20,31.32,30.55,,"table 4, average taken from 5 mounds on 0.25 ha plot, mound denisty mulitplied by 4, old secondary forest","MacDonald, J., A., Jeeva, D., Eggleton, P., Bignell.,D. E., Fowler, D., Lawton, J. & Maryati, M. (1999) The effect of termite biomass and anthropogenic distrubance on the CH4 budgets of tropical forests in Cameroon and Borneo. Global Change Biology 5: 869-879. https://doi.org/10.1046/j.1365-2486.1999.00279.x"
47,"MacDonald et al., 1999",1999,Sabah Malaysia,4.959,117.879,Ulu Segama reserve Danum valley,Tropical ,Rainforest primary,Termitidae,Mirocapritermitinae,Dicuspiditermes,Dicuspiditermes santschii,soil,static chamber,epigeal,3,ng CH4 mound-1 s-1,mound,8.97,,12,13.66,8.45,,"table 4, average taken from 3 mounds on 0.25 ha plot, mound density multiplied by 4, primary forest","MacDonald, J., A., Jeeva, D., Eggleton, P., Bignell.,D. E., Fowler, D., Lawton, J. & Maryati, M. (1999) The effect of termite biomass and anthropogenic distrubance on the CH4 budgets of tropical forests in Cameroon and Borneo. Global Change Biology 5: 869-879, https://doi.org/10.1046/j.1365-2486.1999.00279.x"
76,"Jamali et al., 2013",2013,Darwin Australia,-12.24,130.55,TERC,Tropical,savanna,Termitidae,Amitermitinae,Microcerotermes,Microcerotermes nervosus,wood,manual chambers ,epigeal,,kg CH4 ha-1 y-1,hectare,0.536,,,,,,"units given in paper kg C02-e ha-1 y-1, divided by 25 to get kg CH4","Jamali, H., Livesley, S. J., Hutley, L. B., Fest, B., & Arndt, S. K. (2013). The relationships between termite mound CH4/CO2 emissions and internal concentration ratios are species specific. Biogeosciences, 10(4), 2229-2240. https://doi.org/10.5194/bg-10-2229-2013"
18,"Jamali et al., 2011a",2011,Darwin Australia,-12.494,130.136,Howard springs,Tropical,savanna,Termitidae,NA ,NA,NA,NA,static manual chambers,epigeal,13,ug CH4-C m-2 h-1,area,3951,1147,,,,4.75,Average across 6 months wet season estimate,"Jamali, H., Livesley, S. J., Grover, S. P., Dawes, T. Z., Hutley, L. B., Cook, G. D., & Arndt, S. K. (2011). The importance of termites to the CH4 balance of a tropical savanna woodland of northern Australia. Ecosystems, 14(5), 698-709. https://doi.org/10.1007/S10021-03"
16,"Jamali et al., 2011a",2011,Darwin Australia,-12.494,130.136,Howard springs,Tropical,savanna,Termitidae,NA ,NA,NA,NA,static manual chambers,epigeal,13,ug CH4-C m-2 h-1,area,896,71,,,,4.75,Average across 6 months dry season estimate,"Jamali, H., Livesley, S. J., Grover, S. P., Dawes, T. Z., Hutley, L. B., Cook, G. D., & Arndt, S. K. (2011). The importance of termites to the CH4 balance of a tropical savanna woodland of northern Australia. Ecosystems, 14(5), 698-709. https://doi.org/10.1007/S10021-01"
78,"Jamali et al., 2013",2013,Darwin Australia,-12.29,131,HS-Sav,Tropical,savanna,Termitidae,Nasutitermitinae,Tumulitermes,Tumulitermes hastilis,grass,manual chambers ,epigeal,,kg CH4 ha-1 y-1,hectare,0.664,,,,,,"units given in paper kg C02-e ha-1 y-1, divided by 25 to get kg CH4","Jamali, H., Livesley, S. J., Hutley, L. B., Fest, B., & Arndt, S. K. (2013). The relationships between termite mound CH4/CO2 emissions and internal concentration ratios are species specific. Biogeosciences, 10(4), 2229-2240. https://doi.org/10.5194/bg-10-2229-2013"
77,"Jamali et al., 2013",2013,Darwin Australia,-12.27,130.5,CDNP,Tropical,savanna,Termitidae,Nasutitermitinae,Tumulitermes,Tumulitermes pastinator,grass,manual chambers ,epigeal,,kg CH4 ha-1 y-1,hectare,0.28,,,,,,"units given in paper kg C02-e ha-1 y-1, divided by 25 to get kg CH4","Jamali, H., Livesley, S. J., Hutley, L. B., Fest, B., & Arndt, S. K. (2013). The relationships between termite mound CH4/CO2 emissions and internal concentration ratios are species specific. Biogeosciences, 10(4), 2229-2240. https://doi.org/10.5194/bg-10-2229-2013"
50,"MacDonald et al., 1999",1999,Sabah Malaysia,4.959,117.879,Ulu Segama reserve Danum valley,Tropical ,Rainforest old secondary,Termitidae,Nasutitermitinae,Bulbitermes,Bulbitermes sp. C,wood,static chamber,epigeal,1,ng CH4 mound-1 s-1,mound,46.7,,4,109.5,23.44,,"table 4, single field measurement used only, mound denisty multiplied by 4, old secondary forest","MacDonald, J., A., Jeeva, D., Eggleton, P., Bignell.,D. E., Fowler, D., Lawton, J. & Maryati, M. (1999) The effect of termite biomass and anthropogenic distrubance on the CH4 budgets of tropical forests in Cameroon and Borneo. Global Change Biology 5: 869-879. https://doi.org/10.1046/j.1365-2486.1999.00279.x"
45,"MacDonald et al., 1999",1999,Sabah Malaysia,4.959,117.879,Ulu Segama reserve Danum valley,Tropical ,Rainforest primary,Termitidae,Nasutitermitinae,Bulbitermes,Bulbitermes sp. C,wood,static chamber,epigeal,2,ng CH4 mound-1 s-1,mound,35.7,,8,119,82.3,,"table 4, average taken from 2 mounds on 0.25 ha plot, mound density mulitplied by 4 primary forest","MacDonald, J., A., Jeeva, D., Eggleton, P., Bignell.,D. E., Fowler, D., Lawton, J. & Maryati, M. (1999) The effect of termite biomass and anthropogenic distrubance on the CH4 budgets of tropical forests in Cameroon and Borneo. Global Change Biology 5: 869-879, https://doi.org/10.1046/j.1365-2486.1999.00279.x"
61,"Martius et al., 1993",1993,Brazil,-3.417,-65.856,Amazon,Tropical,Rainforest,Termitidae,Nasutitermitinae,Nasutitermes,Nasutitermes araujoi,wood,flux chamber,arboreal,1,mg CH4 mound-1 h-1,nest,2.3,2.2,,,,,"table 1, biomass measured in a single nest, lat long estimated not published in study","Martius, C., Wassmann, R., Thein, U., Bandeira, A., Rennenberg, H., Junk., W., Seiler., W. (1993) Methane emission from wood-feeding termites in Amazonia. Chemosphere, 26: 623-632. https://doi.org/10.1016/0045-6535(93)90448-E"
59,"Martius et al., 1993",1993,Brazil,-3.417,-65.856,Amazon,Tropical,Rainforest,Termitidae,Nasutitermitinae,Nasutitermes,Nasutitermes corniger,wood,flux chamber,arboreal,1,mg CH4 mound-1 h-1,nest,0.2,0.3,,,73,,"table 1, biomass measured in a single nest, lat long estimated not published in study","Martius, C., Wassmann, R., Thein, U., Bandeira, A., Rennenberg, H., Junk., W., Seiler., W. (1993) Methane emission from wood-feeding termites in Amazonia. Chemosphere, 26: 623-632. https://doi.org/10.1016/0045-6535(93)90448-E"
57,"Martius et al., 1993",1993,Brazil,-3.417,-65.856,Amazon,Tropical,Rainforest,Termitidae,Nasutitermitinae,Nasutitermes,Nasutitermes ephratae,wood,flux chamber,arboreal,5,mg CH4 mound-1 h-1,nest,2.76,1.69,,,465,,"table 1, biomass measured in 5 nests, mean  lat long estimated not published in study","Martius, C., Wassmann, R., Thein, U., Bandeira, A., Rennenberg, H., Junk., W., Seiler., W. (1993) Methane emission from wood-feeding termites in Amazonia. Chemosphere, 26: 623-632. https://doi.org/10.1016/0045-6535(93)90448-E"
58,"Martius et al., 1993",1993,Brazil,-3.417,-65.856,Amazon,Tropical,Rainforest,Termitidae,Nasutitermitinae,Nasutitermes,Nasutitermes macrocephalus,wood,flux chamber,arboreal,1,mg CH4 mound-1 h-1,nest,0.4,0.2,,,121,,"table 1, biomass measured in a single nest, lat long estimated not published in study","Martius, C., Wassmann, R., Thein, U., Bandeira, A., Rennenberg, H., Junk., W., Seiler., W. (1993) Methane emission from wood-feeding termites in Amazonia. Chemosphere, 26: 623-632. https://doi.org/10.1016/0045-6535(93)90448-E"
74,"Yatsko., A., unpublished",2023,Queensland Australia,-16.5746,144.9163,Pennyweight,Tropical,savanna,Termitidae,Nasutitermitinae,Nasutitermes,Nasutitermes magnus,wood,collar,epigeal,19,ug CH4 m-2 d-1,area,76789,8480,69,,,138,"mound density of 359 ha-1 taken from Clement 2021, 60% were occupied of which 68% Amitermes","Yatsko., A., unpublished"
56,"Martius et al., 1993",1993,Brazil,-3.417,-65.856,Amazon,Tropical,Rainforest,Termitidae,Nasutitermitinae,Nasutitermes,Nasutitermes sp. ,wood,flux chamber,arboreal,5,mg CH4 mound-1 h-1,nest,1.58,0.9,,,167,,"table 1, biomass measured in 5 nests, mean given, lat long estimated not published in study","Martius, C., Wassmann, R., Thein, U., Bandeira, A., Rennenberg, H., Junk., W., Seiler., W. (1993) Methane emission from wood-feeding termites in Amazonia. Chemosphere, 26: 623-632. https://doi.org/10.1016/0045-6535(93)90448-E"
60,"Martius et al., 1993",1993,Brazil,-3.417,-65.856,Amazon,Tropical,Rainforest,Termitidae,Nasutitermitinae,Nasutitermes,Nasutitermes surinamensis,wood,flux chamber,arboreal,2,mg CH4 mound-1 h-1,nest,2.85,0.85,,,720,,"table 1, biomass measured in 2 nests, mean given, lat long estimated not published in study","Martius, C., Wassmann, R., Thein, U., Bandeira, A., Rennenberg, H., Junk., W., Seiler., W. (1993) Methane emission from wood-feeding termites in Amazonia. Chemosphere, 26: 623-632. https://doi.org/10.1016/0045-6535(93)90448-E"
69,"Seiler et al., 1984",1984,South Africa,-24.646,28.666,Nylsyvley Nature Reserve,Tropical,savanna,Termitidae,Nasutitermitinae,Trinervitermes,Trinervitermes sp.,grass,static box,epigeal,"2, 8",mg CH4 mound-1 h-1,mound,10.3,,,,,,table 1,"Seiler, W., Conrad, R. & Scharffe, D. (1984) Field studies of methane emission from termite nest into the atmosphere and measurements of methane uptake by topical soils. Journal of Atmospheric Chemistry, 1:171-186 . https://doi.org/10.1007/BF00053840"
13,"Jamali et al., 2013",2013,Darwin Australia,-12.29,131,HS-Sav,Tropical,savanna,Termitidae,Nasutitermitinae,Tumulitermes,Tumulitermes hastilis,grass,manual chambers ,epigeal,5,kg C02-e m-2 y-1,area,1,,,,,9.05,table 5,"Jamali, H., Livesley, S. J., Hutley, L. B., Fest, B., & Arndt, S. K. (2013). The relationships between termite mound CH4/CO2 emissions and internal concentration ratios are species specific. Biogeosciences, 10(4), 2229-2240. https://doi.org/10.5194/bg-10-2229-2013"
25,"Jamali et al., 2011c",2011,Darwin Australia,-12.45,130.83,CDNP,Tropical,savanna,Termitidae,Nasutitermitinae,Tumulitermes,Tumulitermes pastinator,grass,static manual chambers,epigeal,4,ug CH4-C m-2 h-1,area,3332,,,,,,average across multiple measurements Fig 5 and 6 WebPlotDigitizer,"Jamali, H., Livesley, S. J., Dawes, T. Z., Cook, G. D., Hutley, L. B., & Arndt, S. K. (2011). Diurnal and seasonal variations in CH4 flux from termite mounds in tropical savannas of the Northern Territory, Australia. Agricultural and Forest Meteorology, 151(11), 1471-1479. https://doi.org/10.1016/j.agrformet.2010.06.009"
12,"Jamali et al., 2013",2013,Darwin Australia,-12.27,130.5,CDNP,Tropical,savanna,Termitidae,Nasutitermitinae,Tumulitermes,Tumulitermes pastinator,grass,manual chambers ,epigeal,5,kg C02-e m-2 y-1,area,1.1,,,,,0.94,table 5,"Jamali, H., Livesley, S. J., Hutley, L. B., Fest, B., & Arndt, S. K. (2013). The relationships between termite mound CH4/CO2 emissions and internal concentration ratios are species specific. Biogeosciences, 10(4), 2229-2240. https://doi.org/10.5194/bg-10-2229-2013"
6,Nauer et al. 2018,2018,Darwin Australia,-12.37,130.867,Unknown,Tropical,coastal savanna woodland,Termitidae,Nasutitermitinae,Tumulitermes,Tumulitermes pastinator,grass,static chambers o-IMOX,epigeal,3,ug kg-1mound h-1,mound,11.38,,,86,,,Average across measurements visible on Fig 4 using WebPlotDigitizer,"Nauer, P. A., Hutley L. B., & Arndt, S. K. (2018). Termite mounds mitigate half of termite methane emissions. PNAS, 115(52), 13306-13311.  https://doi.org/10.1073/pnas.1809790115"
3,Nauer et al. 2018,2018,Darwin Australia,-12.37,130.867,Unknown,Tropical,coastal savanna woodland,Termitidae,Nasutitermitinae,Tumulitermes,Tumulitermes pastinator,grass,static chambers GPPT,epigeal,9,ug kg-1mound h-1,mound,14.32,,,86,,,Average across measurements visible on Fig 4 using WebPlotDigitizer,"Nauer, P. A., Hutley L. B., & Arndt, S. K. (2018). Termite mounds mitigate half of termite methane emissions. PNAS, 115(52), 13306-13311.  https://doi.org/10.1073/pnas.1809790115"
82,"MacDonald et al., 1998",1998,Cameroon,3.517,11.5,Mbalmayo forest reserve,Tropical,Pre montane forest,Termitidae,Cubitermitinae,Cubitermes,Cubitermes fungifaber,soil,,epigeal,,kg CH4 ha-1 y-1,hectare,1.9,,,,,,,"MacDonald, J., A., Eggleton, P., Bignell, D. E., Forzis, F., & Fowler, D. (1998) Methane emission by termites and oxidation by soils across a forest disturbance gradient in the Mbalmayo Forest Reserve, Cameroon. Global Change Biology 4: 409-418. https://doi.org/10.1046/j.1365-2486.1998.00163.x"
87,"MacDonald et al., 1999",1999,Sabah Malaysia,4.959,117.879,Ulu Segama reserve Danum valley,Tropical,Rainforest secondary young,,,,"Dicuspiditermes nemorosus, Dicuspiditermes santschii, Bulbitermes sp., Prohamitermes mirabilis",,,epigeal,,kg CH4 ha-1 y-1,hectare,0,,,,,,,"MacDonald, J., A., Jeeva, D., Eggleton, P., Bignell.,D. E., Fowler, D., Lawton, J. & Maryati, M. (1999) The effect of termite biomass and anthropogenic distrubance on the CH4 budgets of tropical forests in Cameroon and Borneo. Global Change Biology 5: 869-879. https://doi.org/10.1046/j.1365-2486.1999.00279.x"
44,"MacDonald et al., 1999",1999,Cameroon,3.517,11.5,Mbalmayo forest reserve,Tropical,Pre montane forest,Termitidae,Termitinae,Cephalotermes,Cephalotermes rectangularis,wood/soil,static chamber,epigeal,1,ng CH4 mound-1 s-1,mound,312,,4,,,,"table 3, plots were 0.25ha mound density has been multiplied by 4, primary forest, ","MacDonald, J., A., Jeeva, D., Eggleton, P., Bignell.,D. E., Fowler, D., Lawton, J. & Maryati, M. (1999) The effect of termite biomass and anthropogenic distrubance on the CH4 budgets of tropical forests in Cameroon and Borneo. Global Change Biology 5: 869-879. https://doi.org/10.1046/j.1365-2486.1999.00279.x"
36,"MacDonald et al., 1999",1999,Cameroon,3.517,11.5,Mbalmayo forest reserve,Tropical,Pre montane forest,Termitidae,Termitinae,Cephalotermes,Cephalotermes rectangularis,wood/soil,static chamber,epigeal,1,ng CH4 mound-1 s-1,mound,467,,8,,,,"table 3, plots were 0.25ha mound density has been multiplied by 4, primary forest, ","MacDonald, J., A., Jeeva, D., Eggleton, P., Bignell.,D. E., Fowler, D., Lawton, J. & Maryati, M. (1999) The effect of termite biomass and anthropogenic distrubance on the CH4 budgets of tropical forests in Cameroon and Borneo. Global Change Biology 5: 869-879. https://doi.org/10.1046/j.1365-2486.1999.00279.x"
5,Nauer et al. 2018,2018,Darwin Australia,-12.37,130.867,Unknown,Tropical,coastal savanna woodland,Termitidae,Termitinae,Macrognathotermes,Macrognathotermes sunteri,soil,static chambers o-IMOX,epigeal,3,ug kg-1mound h-1,mound,41.57,,,22,,,Average across measurements visible on Fig 4 using WebPlotDigitizer,"Nauer, P. A., Hutley L. B., & Arndt, S. K. (2018). Termite mounds mitigate half of termite methane emissions. PNAS, 115(52), 13306-13311.  https://doi.org/10.1073/pnas.1809790115"
2,Nauer et al. 2018,2018,Darwin Australia,-12.37,130.867,Unknown,Tropical,coastal savanna woodland,Termitidae,Termitinae,Macrognathotermes,Macrognathotermes sunteri,soil,static chambers GPPT,epigeal,10,ug kg-1mound h-1,mound,32.11,,,22,,,Average across measurements visible on Fig 4 using WebPlotDigitizer,"Nauer, P. A., Hutley L. B., & Arndt, S. K. (2018). Termite mounds mitigate half of termite methane emissions. PNAS, 115(52), 13306-13311.  https://doi.org/10.1073/pnas.1809790115 "
53,"van Asperen et al., 2021",2021,Central Amazonia Brazil,-2.609,-60.209,Reserva Biologica do Cuieiras,Tropical,Rainforest,Termitidae,Termitinae,Neocapritermes,Neocapritermes brasiliensis,soil,collar,epigeal,5,umol CH4 m-2 h-1,area,363,,21.6,,,,"figure 2, table 2, average taken from 5 mounds","van Asperen., H., Alves-Oliveira., J. R., Warneke., T., Forsberg., B., de Araujo., A. C. & Notholt, J. (2021) The role of termite CH4 emissions on the ecosystem scale: a case study in the Amazon rainforest. Biogeosciences, 18: 2609-2625. https://doi.org/10.5194/bg-18-2609-2021"
52,"van Asperen et al., 2021",2021,Central Amazonia Brazil,-2.609,-60.209,Reserva Biologica do Cuieiras,Tropical,Rainforest,Termitidae,Termitinae,Neocapritermes,Neocapritermes brasiliensis,soil,collar,epigeal,5,umol CH4 mound-1 h-1,mound,90.76,,21.6,,,,"figure 1, table 2, average taken from 5 mounds","van Asperen., H., Alves-Oliveira., J. R., Warneke., T., Forsberg., B., de Araujo., A. C. & Notholt, J. (2021) The role of termite CH4 emissions on the ecosystem scale: a case study in the Amazon rainforest. Biogeosciences, 18: 2609-2625. https://doi.org/10.5194/bg-18-2609-2021"
65,"Sugimoto et al., 1998",1998,Thailand,14.511,101.929,Sakaerat Environmental Research Station,Tropical,Dry evergreen forest,Termitidae,Termitinae,Termes,Termes sp. ,wood/soil,flux chamber,epigeal,1,umol CH4 mound-1 h-1,mound,0.71,,,,,,table 3,"Sugimoto, A. & Inoue, T. (1998) Methane oxidation by termites mounds estimated by the carbon isotopic composition of methane. Global biogeochemical cycles, 12: 595 - 605. https://doi.org/10.1029/98GB02266"
86,"MacDonald et al., 1999",1999,Sabah Malaysia,4.959,117.879,Ulu Segama reserve Danum valley,Tropical,Rainforest secondary old,,,,"Dicuspiditermes nemorosus, Dicuspiditermes santschii, Bulbitermes sp., Prohamitermes mirabilis",,,epigeal,,kg CH4 ha-1 y-1,hectare,0.2,,,,,,,"MacDonald, J., A., Jeeva, D., Eggleton, P., Bignell.,D. E., Fowler, D., Lawton, J. & Maryati, M. (1999) The effect of termite biomass and anthropogenic distrubance on the CH4 budgets of tropical forests in Cameroon and Borneo. Global Change Biology 5: 869-879 https://doi.org/10.1046/j.1365-2486.1999.00279.x"
85,"MacDonald et al., 1999",1999,Sabah Malaysia,4.959,117.879,Ulu Segama reserve Danum valley,Tropical,Rainforest primary,,,,"Dicuspiditermes nemorosus, Dicuspiditermes santschii, Bulbitermes sp., Prohamitermes mirabilis",wood/soil,,epigeal,,kg CH4 ha-1 y-1,hectare,0.1,,,,,,,"MacDonald, J., A., Jeeva, D., Eggleton, P., Bignell.,D. E., Fowler, D., Lawton, J. & Maryati, M. (1999) The effect of termite biomass and anthropogenic distrubance on the CH4 budgets of tropical forests in Cameroon and Borneo. Global Change Biology 5: 869-879. https://doi.org/10.1046/j.1365-2486.1999.00279.x"
84,"MacDonald et al., 1999",1999,Cameroon,3.517,11.5,Mbalmayo forest reserve,Tropical,Pre montane forest secondary,,,,"Cubitermes bulbifrons, Cubitermes gaigai, Procubitermes arboricola, Astalotermes quietus, Astalotermes sp., Cephalotermes rectangularis",wood/soil,,epigeal,,kg CH4 ha-1 y-1,hectare,1.2,,,,,,,"MacDonald, J., A., Jeeva, D., Eggleton, P., Bignell.,D. E., Fowler, D., Lawton, J. & Maryati, M. (1999) The effect of termite biomass and anthropogenic distrubance on the CH4 budgets of tropical forests in Cameroon and Borneo. Global Change Biology 5: 869-879 https://doi.org/10.1046/j.1365-2486.1999.00279.x"
83,"MacDonald et al., 1999",1999,Cameroon,3.517,11.5,Mbalmayo forest reserve,Tropical,Pre montane forest primary,,,,"Cubitermes bulbifrons, Cubitermes gaigai, Procubitermes arboricola, Astalotermes quietus, Astalotermes sp., Cephalotermes rectangularis",wood/soil,,epigeal,,kg CH4 ha-1 y-1,hectare,0.5,,,,,,,"MacDonald, J., A., Eggleton, P., Bignell, D. E., Forzis, F., & Fowler, D. (1998) Methane emission by termites and oxidation by soils across a forest disturbance gradient in the Mbalmayo Forest Reserve, Cameroon. Global Change Biology 4: 409-418. https://doi.org/10.1046/j.1365-2486.1998.00163.x"
88,"van Asperen et al., 2021",2021,Central Amazonia Brazil,-2.609,-60.209,Reserva Biologica do Cuieiras,Tropical,Rainforest,Termitidae,Termitinae,Neocapritermes,Neocapritermes brasiliensis,soil,,epigeal,,kg CH4 ha-1 y-1,hectare,0.275,,,,,,,"van Asperen., H., Alves-Oliveira., J. R., Warneke., T., Forsberg., B., de Araujo., A. C. & Notholt, J. (2021) The role of termite CH4 emissions on the ecosystem scale: a case study in the Amazon rainforest. Biogeosciences, 18: 2609-2625. https://doi.org/10.5194/bg-18-2609-2021"
89,"Yatsko., A., unpublished",2023,Queensland Australia,-16.5746,144.9163,Pennyweight,Tropical,savanna,Termitidae,Termitinae,Amitermes,Amitermes laurensis,debris,,epigeal,,kg CH4 ha-1 y-1,hectare,3.02,,,,,,scaled up from figures given in manuscript,"Yatsko, A. unpublished"
